Location,Latitude,Longitude,Business,id,Business Latitude,Business Longitude,Business Category,Likes
Bucktown,41.926897,-87.676661,Vienna Beef Factory Store & Cafe,4b2fc693f964a520b0ef24e3,41.92613596806364,-87.67765075169113,Hot Dogs,89
Bucktown,41.926897,-87.676661,CRĪO,5355d7bb498eeed72bc2a0b7,41.927030215037654,-87.6720636738464,Latin American,34
Bucktown,41.926897,-87.676661,Taco Bell,4a7bbb8ff964a520b7eb1fe3,41.92857738341024,-87.67329644694216,Fast Food,111
Bucktown,41.926897,-87.676661,The Bristol,49ebe3cbf964a5203f671fe3,41.921222830216244,-87.67775783701444,New American,229
Bucktown,41.926897,-87.676661,Asian Cajun,56b2b238498ec9031ecf5c13,41.926061040342056,-87.66843413980497,Seafood,17
Bucktown,41.926897,-87.676661,Rapidito Colombian Gourmet Bites,52db3654498ed2f60bcd75b3,41.932009,-87.6748,South American,7
Bucktown,41.926897,-87.676661,Popeyes Louisiana Kitchen,4b4007b2f964a52082b425e3,41.924845113572324,-87.67747336651581,Fried Chicken,22
Bucktown,41.926897,-87.676661,Subway,4c1a46e83b2ab713fef13225,41.92587231947368,-87.67296560669789,Sandwiches,1
Bucktown,41.926897,-87.676661,Cook Au Vin,4c00653f34ccc9287c8ce1cd,41.92258365283513,-87.67402895747122,French,9
Bucktown,41.926897,-87.676661,Panda Express,4dd867bb52b1a5c64465f963,41.92699440973743,-87.67345006716221,Chinese,33
Bucktown,41.926897,-87.676661,SUBWAY,4b89939ff964a5202e4332e3,41.924870814973225,-87.67655977620655,Sandwiches,2
Bucktown,41.926897,-87.676661,El Presidente Restaurante,4ab6ed8ef964a5207f7920e3,41.92869211997064,-87.66823578546776,Mexican,34
Bucktown,41.926897,-87.676661,The Breakfast Lounge,55fd7894498e141bd77e5d58,41.9249565932554,-87.6690199737506,Breakfast,11
Bucktown,41.926897,-87.676661,Wendy's,4a777040f964a5207ce41fe3,41.92375837206196,-87.66866780360033,Fast Food,53
Bucktown,41.926897,-87.676661,McDonald's,4b5a5337f964a52053bd28e3,41.92476161797875,-87.67192616129017,Fast Food,25
Bucktown,41.926897,-87.676661,Domino's Pizza,586e106952893005f6e3dd90,41.925386,-87.66934599999998,Pizza,1
Bucktown,41.926897,-87.676661,Subway,4cb6374655af224be83e987e,41.93136508460731,-87.67759025777028,Sandwiches,1
Bucktown,41.926897,-87.676661,Subway,4d72a34fbce5721eb456d115,41.9289293157847,-87.68151175168668,Sandwiches,5
Bucktown,41.926897,-87.676661,Urban Vegan,50032670e4b023056e2b2718,41.92514944074914,-87.66777327063173,Vegetarian / Vegan,20
Bucktown,41.926897,-87.676661,KFC,4e4e1925bd4101d0d7a23161,41.92515808934725,-87.67545208199402,Fast Food,0
Bucktown,41.926897,-87.676661,Lokal,55a9b049498e336ef757bfaa,41.92700286688361,-87.66834979201954,American,16
Bucktown,41.926897,-87.676661,Chromium,59d915d0a0215b57808d5e99,41.925816056144704,-87.67953378313723,Restaurant,2
Bucktown,41.926897,-87.676661,Coscto Bakery,504e2b4be4b0f228d97d23fc,41.92955947251204,-87.67736043102488,Bakery,1
Bucktown,41.926897,-87.676661,Captain Hooks and Firehouse,4d9ba4c9f41ba143af57e5b3,41.925046,-87.6729,Fried Chicken,0
Bucktown,41.926897,-87.676661,Paulines Breakfast,4d0a42caacd4a1cdae068193,41.92525398244922,-87.67257272735313,Breakfast,0
Bucktown,41.926897,-87.676661,Luscious Layers Bakery,4b0c59bdf964a520a53b23e3,41.923281,-87.677513,Bakery,2
Bucktown,41.926897,-87.676661,Red Hot Chicago @ Home Depot,4e7275af45dd53858e8550a7,41.927425153829994,-87.68314801376353,Hot Dogs,1
Bucktown,41.926897,-87.676661,Taco Burrito House,4b5ac619f964a5200ad428e3,41.92518547826193,-87.66764548633905,Mexican,10
Bucktown,41.926897,-87.676661,Hexe Coffee Co.,5d9158753b659800084f4d03,41.932520731296776,-87.67895042896271,Café,2
Bucktown,41.926897,-87.676661,Shakespeare St Shakedown II,576cb69b498e1428db66a5d6,41.92094,-87.67939399999999,Dumplings,1
Bucktown,41.926897,-87.676661,Kinnaree Thai Kitchen,57254f17498e49d09d20ad87,41.92561345809133,-87.66808962397259,Asian,2
Bucktown,41.926897,-87.676661,The Tamale Guy (Blue),58ccc3a96ad5a131a7b55863,41.92198766986228,-87.6827796515665,Food Truck,0
Bucktown,41.926897,-87.676661,Buna Time Cafe,5a1af3d9c824ae54c3bead5d,41.925313,-87.667817,Café,2
Bucktown,41.926897,-87.676661,The Vegan Plate,56e60e28498e556c8b65bfc0,41.925406,-87.667642,Vegetarian / Vegan,4
Bucktown,41.926897,-87.676661,DRB's Pizzeria,4d124ba2f58560fc25fb6ac2,41.9318359578416,-87.68337450767376,Pizza,0
Boystown,41.943883299999996,-87.64926690000001,Chicago Diner,40be6a00f964a520cd001fe3,41.943807151923814,-87.64929330584162,Vegetarian / Vegan,409
Boystown,41.943883299999996,-87.64926690000001,Yoshi's Cafe,4b78c82af964a52024e22ee3,41.94169355603553,-87.64924182512209,Japanese,58
Boystown,41.943883299999996,-87.64926690000001,Rollapalooza,4ad7d3baf964a520220f21e3,41.943154443845216,-87.64942049838366,Sushi,55
Boystown,41.943883299999996,-87.64926690000001,Taco & Burrito Palace,4b5169caf964a520c14c27e3,41.94565337549072,-87.6494639285085,Mexican,77
Boystown,41.943883299999996,-87.64926690000001,Mia Francesca,4a57cef5f964a520dcb61fe3,41.94209475744125,-87.65239219169882,Italian,109
Boystown,41.943883299999996,-87.64926690000001,Wood,4faef5e1e4b0e047b237877c,41.9427740506565,-87.64929405097924,New American,154
Boystown,41.943883299999996,-87.64926690000001,Ann Sather,4a88da93f964a520b20720e3,41.94381810000001,-87.6448901,Scandinavian,133
Boystown,41.943883299999996,-87.64926690000001,lowcountry,55f8aa88498ea94e9ef167b9,41.94280972054155,-87.65307711368149,Cajun / Creole,60
Boystown,41.943883299999996,-87.64926690000001,Pick Me Up Café,40b68100f964a5206d001fe3,41.943870844721374,-87.65395740836273,Diner,268
Boystown,41.943883299999996,-87.64926690000001,Esencia Urban Kitchen,515f06d4e4b05dd475841ac7,41.943257238174965,-87.6446846166449,Mexican,39
Boystown,41.943883299999996,-87.64926690000001,Stan's Donuts & Coffee,574059ef498e6a948ca72579,41.94195471233391,-87.64454162300413,Donuts,75
Boystown,41.943883299999996,-87.64926690000001,Angelina Ristorante,4a7eff78f964a52071f21fe3,41.94721838146747,-87.64710828309444,Italian,114
Boystown,41.943883299999996,-87.64926690000001,Maison Parisienne,57ed31ce498e99a50a0cf8a3,41.94192422108425,-87.65233070193085,Café,21
Boystown,41.943883299999996,-87.64926690000001,El Mariachi,4af61f9df964a520740122e3,41.943818504437935,-87.64515894596417,Mexican,39
Boystown,41.943883299999996,-87.64926690000001,Dimo's Pizza,4a3b2be5f964a52098a01fe3,41.945112739338335,-87.65473043361298,Pizza,230
Boystown,41.943883299999996,-87.64926690000001,Sushi+ Rotary Sushi Bar,59e8d4f5dff8150ccd1bd502,41.94067888990985,-87.64431160760954,Sushi,48
Boystown,41.943883299999996,-87.64926690000001,Kanela Breakfast Club,4d5eb6b629ef236ad8ef8f59,41.94085299397243,-87.6512807121793,Breakfast,129
Boystown,41.943883299999996,-87.64926690000001,Ann Sather,4b2540fef964a520c76e24e3,41.93993605949624,-87.65196752509047,Scandinavian,275
Boystown,41.943883299999996,-87.64926690000001,hutch,51e5f893498ee81b4a65dfce,41.941925,-87.652046,New American,172
Boystown,41.943883299999996,-87.64926690000001,Venicci Pizza,57b665b8498eebea25e8824d,41.943087339170425,-87.6492750237047,Pizza,7
Boystown,41.943883299999996,-87.64926690000001,Potbelly Sandwich Shop,4aec80cff964a520fbc721e3,41.94009646495011,-87.65260108737074,Sandwiches,43
Boystown,41.943883299999996,-87.64926690000001,Cheesie's Pub and Grub,4dc307d6e4cd169dc610480a,41.93999136349621,-87.65377707238731,Sandwiches,522
Boystown,41.943883299999996,-87.64926690000001,bopNgrill,55b171ce498ecddd7fca4536,41.939947810679115,-87.65251791070263,Korean,41
Boystown,41.943883299999996,-87.64926690000001,Cozy Noodles & Rice,4ad6978cf964a520ed0721e3,41.94526903560607,-87.65431632484676,Thai,128
Boystown,41.943883299999996,-87.64926690000001,Wakamono,4a1dd042f964a520997b1fe3,41.94244775650496,-87.64450447304806,Sushi,67
Boystown,41.943883299999996,-87.64926690000001,Blaze Pizza,52b38f10498e1bf64a63ec17,41.939808246971346,-87.65360959172489,Pizza,205
Boystown,41.943883299999996,-87.64926690000001,Matsuya,4fcacd4ae4b09ba63b708f23,41.94099775689747,-87.6515907207738,Japanese,20
Boystown,41.943883299999996,-87.64926690000001,Panino's,4bf02d90f831c9286aae01f2,41.94940556664336,-87.64901442911085,Pizza,45
Boystown,41.943883299999996,-87.64926690000001,DS Tequila Company,4c1fcd7182109c74d231d459,41.94335670554691,-87.64953120432547,Tacos,241
Boystown,41.943883299999996,-87.64926690000001,Cafe L'Appetito,5560d3ff498ee79eb47bd368,41.94268776252096,-87.64456567940438,Deli / Bodega,25
Boystown,41.943883299999996,-87.64926690000001,Brazilian Bowl Grill,4faeae36e4b08260e3fdcc33,41.940211301654905,-87.64436651023857,Brazilian,126
Boystown,41.943883299999996,-87.64926690000001,Chicago Bagel Authority,4dc6ed79c65b89d3ca93ea04,41.93985939665621,-87.65381648728662,Bagels,181
Boystown,41.943883299999996,-87.64926690000001,Irie Tavern,58d7113d0393cc26f4cde0ae,41.943787,-87.65401,Restaurant,6
Boystown,41.943883299999996,-87.64926690000001,Al's #1 Italian Beef,4d8bc074761e224b141ac329,41.9440346964646,-87.6540981750418,Sandwiches,70
Boystown,41.943883299999996,-87.64926690000001,Ping Pong,4a68c120f964a520edca1fe3,41.94253185806205,-87.6445510515147,Asian,70
Boystown,41.943883299999996,-87.64926690000001,Bistro 750,58e6c5cee03e570bfc70f504,41.94553626124706,-87.64903801765747,Restaurant,9
Boystown,41.943883299999996,-87.64926690000001,Jennivee's Bakery,58a8cde10393cc231e7a2b90,41.94181914533175,-87.65418329513996,Bakery,14
Boystown,41.943883299999996,-87.64926690000001,IDOF,53c46a14498e2f971be228c0,41.939872230103695,-87.65126345601713,Mediterranean,32
Boystown,41.943883299999996,-87.64926690000001,BIG & little's Restaurant,52febe12498e01f87e3002b2,41.939995540705794,-87.65532611799436,Tacos,249
Boystown,41.943883299999996,-87.64926690000001,Lucky's Sandwich Co.,4a708111f964a5209cd71fe3,41.945344542628376,-87.65510197917357,Sandwiches,113
Boystown,41.943883299999996,-87.64926690000001,Do-Rite Donuts & Chicken,5c06c8c154b7a90025a55cea,41.947235986612725,-87.65497950834744,Donuts,10
Boystown,41.943883299999996,-87.64926690000001,Ms. T's Southern Fried Chicken,571bde12498eacb711fcd81d,41.943004,-87.6444,Southern / Soul,12
Boystown,41.943883299999996,-87.64926690000001,Krung Thep Thai Cuisine,53c60555498e397b12a7f673,41.940186126420635,-87.64919559479631,Thai,18
Boystown,41.943883299999996,-87.64926690000001,Chipotle Mexican Grill,4a08857cf964a520da731fe3,41.939922888732994,-87.64426922086676,Mexican,101
Boystown,41.943883299999996,-87.64926690000001,Native Foods,4e569102c65be3cea467f7de,41.939816945799045,-87.6550662864349,Vegetarian / Vegan,175
Boystown,41.943883299999996,-87.64926690000001,ZamZam,5372f2d511d2dcdb7f559d70,41.94508429793915,-87.6547567646194,Middle Eastern,21
Boystown,41.943883299999996,-87.64926690000001,Khyber Pass,562987d2498e027ba6c80810,41.93828905106943,-87.6492813295678,Indian,13
Boystown,41.943883299999996,-87.64926690000001,Shiawase Japanese Restaurant,548778a9498e19bef4947291,41.943843747004564,-87.64517863409954,Japanese,14
Boystown,41.943883299999996,-87.64926690000001,Nano Sushi,5005f4d8e4b002af39cd891f,41.9402227922209,-87.6491947756793,Sushi,8
Boystown,41.943883299999996,-87.64926690000001,Shake Shack,5beb051d75eee4002c5b12cf,41.946580119387995,-87.65590574189893,Burgers,12
Boystown,41.943883299999996,-87.64926690000001,Salad House,4ca1484a03133704216882d5,41.9398575,-87.64464570000001,Salad,25
Boystown,41.943883299999996,-87.64926690000001,Aloha Poke Co.,5786ae30498eaf0ef1690ad1,41.940017248768505,-87.65100574906332,Poke Place,35
Boystown,41.943883299999996,-87.64926690000001,Bites Asian Tapas,52805282498e30298a68a903,41.942159564670156,-87.65242686622301,Tapas,47
Boystown,41.943883299999996,-87.64926690000001,Giordano's,4aa6b025f964a520a94a20e3,41.9400946,-87.65569479999999,Pizza,129
Boystown,41.943883299999996,-87.64926690000001,Vanille Patisserie,56b3e963498eb80f289f1736,41.941288503850295,-87.64435846756929,Bakery,25
Boystown,41.943883299999996,-87.64926690000001,Strings Ramen Shop Lakeview,5961c72050a6f05c639873e0,41.939924602320154,-87.65234595922921,Ramen,27
Boystown,41.943883299999996,-87.64926690000001,Si-Pie Pizzeria,54d2ec10498eb8428f864b43,41.94537329691623,-87.64610287449345,Pizza,15
Boystown,41.943883299999996,-87.64926690000001,The Roost Carolina Kitchen,5c311d99dee770002c2f4064,41.945392,-87.655169,Fried Chicken,7
Boystown,41.943883299999996,-87.64926690000001,Banh Mi & Co,4ee25c0f5c5cfd2133bda0bd,41.93884930032683,-87.64433804973427,Vietnamese,69
Boystown,41.943883299999996,-87.64926690000001,Pizzaiolo,4fbafa75e4b03e1f0d69307a,41.949326377047406,-87.64912184407213,Pizza,11
Boystown,41.943883299999996,-87.64926690000001,Kitchen 17,518450ea498ea97c47d47939,41.93915623405347,-87.64487071100491,Vegetarian / Vegan,40
Boystown,41.943883299999996,-87.64926690000001,Drew's on Halsted,4aa60320f964a520a74920e3,41.94006756573268,-87.64921210350937,American,67
Boystown,41.943883299999996,-87.64926690000001,Maison Marcel,596b5b0da9fe12520f37a658,41.93820396172286,-87.6444201149588,Bakery,30
Boystown,41.943883299999996,-87.64926690000001,Joy's Noodles,4a9ae81cf964a520853320e3,41.94176439361703,-87.64444254228327,Noodles,131
Boystown,41.943883299999996,-87.64926690000001,The Flower Flat,4b608727f964a520c2eb29e3,41.947644766687375,-87.64641689989232,Breakfast,15
Boystown,41.943883299999996,-87.64926690000001,Jersey Mike's Subs,50b4198ae4b02eea5da11c4a,41.939245,-87.644514,Sandwiches,37
Boystown,41.943883299999996,-87.64926690000001,Ukai Japanese Restaurant,4c5851eab7a31b8d243d52da,41.93984151865222,-87.65642601193103,Japanese,63
Boystown,41.943883299999996,-87.64926690000001,Ceres' Table,534d67cb498e8395c7862422,41.93841384562982,-87.64439752918331,Italian,55
Boystown,41.943883299999996,-87.64926690000001,Wrigley BBQ,50888a03498eeaf8ab0610e6,41.947034,-87.646891,BBQ,72
Boystown,41.943883299999996,-87.64926690000001,Glaze Teriyaki,5591d9b5498e462cb30a5f4c,41.938049739321144,-87.64435696059469,Japanese,55
Boystown,41.943883299999996,-87.64926690000001,West Town Bakery & Tap,5ac772e6a22db76045b2d16c,41.94791720071208,-87.65699787990285,Bakery,8
Boystown,41.943883299999996,-87.64926690000001,Bittersweet Pastry Shop & Cafe,4a14ef13f964a5208c781fe3,41.93986918445295,-87.65736291683069,Bakery,63
Boystown,41.943883299999996,-87.64926690000001,Tom Yum Cafe,548f8c6e498ee91559a69b2e,41.9379046811624,-87.64461117701114,Thai,16
Boystown,41.943883299999996,-87.64926690000001,Philly's Best,4a288d3ef964a5202f951fe3,41.93991455083536,-87.65187466559651,Sandwiches,44
Boystown,41.943883299999996,-87.64926690000001,The Bagel,4a25b21af964a520817e1fe3,41.93787106630728,-87.64418206396057,Bagels,128
Boystown,41.943883299999996,-87.64926690000001,Houndstooth Saloon,4a6fc096f964a520f3d61fe3,41.943515616702534,-87.65330186179463,Southern / Soul,121
Boystown,41.943883299999996,-87.64926690000001,Anatolia Turkish Kitchen,5890f90a266c1159cd96794c,41.939113,-87.64420799999999,Mediterranean,7
Boystown,41.943883299999996,-87.64926690000001,El Burrito Mexicano,4a7d1e95f964a52085ee1fe3,41.94736148806654,-87.65340732542971,Mexican,48
Boystown,41.943883299999996,-87.64926690000001,Subway,4bd4d3736798ef3bbf80628d,41.947097860868205,-87.65391168279713,Sandwiches,13
Boystown,41.943883299999996,-87.64926690000001,Chipotle Mexican Grill,4ab80b9df964a520f17b20e3,41.939730873361896,-87.65514537055225,Mexican,71
Boystown,41.943883299999996,-87.64926690000001,Bamboo Garden,4b5cc736f964a520874329e3,41.94003109105882,-87.65082256817263,Chinese,8
Boystown,41.943883299999996,-87.64926690000001,Old Crow Smokehouse,5274396411d2b8a3b61414e1,41.945972746512545,-87.65570552813291,BBQ,211
Boystown,41.943883299999996,-87.64926690000001,Rice'N Bread,4b923ca1f964a520cbed33e3,41.94456407690454,-87.65420805213503,Korean,24
Boystown,41.943883299999996,-87.64926690000001,The Clark Street Dog,44ef25f6f964a520eb371fe3,41.93766465251699,-87.64907161640255,Hot Dogs,111
Boystown,41.943883299999996,-87.64926690000001,Salsita,53a52919498ebd730dba2b1a,41.94946030973786,-87.64963708386503,Mexican,24
Boystown,41.943883299999996,-87.64926690000001,Las Mañanitas,49ca69fff964a520a8581fe3,41.94622233137944,-87.64942818280193,Mexican,60
Boystown,41.943883299999996,-87.64926690000001,Cesar's Killer Margaritas,4acfe615f964a520c8d620e3,41.939453799999995,-87.6504922,Mexican,148
Boystown,41.943883299999996,-87.64926690000001,IHOP,4a84f4dff964a520f2fd1fe3,41.95105307023347,-87.6498170630657,Breakfast,182
Boystown,41.943883299999996,-87.64926690000001,Hot Doug's,559985b8498e7b1bc8f6d36a,41.94866583631323,-87.65446487462204,Hot Dogs,9
Boystown,41.943883299999996,-87.64926690000001,Milt's Barbecue for the Perplexed,50ff4074e4b0a270f9b44316,41.9437047473274,-87.64499751312442,BBQ,48
Boystown,41.943883299999996,-87.64926690000001,Jai Yen,4b526ee1f964a5201d7d27e3,41.950132787720406,-87.64898137258442,Japanese,43
Boystown,41.943883299999996,-87.64926690000001,Eggsperience Pancakes & Cafe,5ab2777fbcbf7a4240c3ed42,41.941054370705345,-87.64425926900263,Café,11
Boystown,41.943883299999996,-87.64926690000001,Einstein Bros Bagels,4f329dca19836c91c7e925b4,41.942846,-87.644543,Bagels,0
Boystown,41.943883299999996,-87.64926690000001,Dutch & Doc’s,5b06d0acbfc6d0002cd2d2d9,41.9474543,-87.65675809999998,American,25
Boystown,41.943883299999996,-87.64926690000001,Sheffield Grill,4a984d42f964a520622b20e3,41.94785030200529,-87.65520883748967,American,5
Boystown,41.943883299999996,-87.64926690000001,Earth's Kitchen,57523030498e524861f7636b,41.949636574647066,-87.64946862001158,Japanese,7
Boystown,41.943883299999996,-87.64926690000001,Wingstop,59f1205f018cbb078cfd3113,41.949690000000004,-87.64909499999999,Wings,2
Boystown,41.943883299999996,-87.64926690000001,Mortar & Pestle,563938dbcd104e94649a6d00,41.9379526425388,-87.64441738676763,Modern European,34
Boystown,41.943883299999996,-87.64926690000001,Smoke Daddy,5acd27e57247507ed95e93b3,41.94807991198449,-87.65714550246794,BBQ,22
Boystown,41.943883299999996,-87.64926690000001,Buena Vista,4ae10b14f964a520d18421e3,41.938971440842856,-87.64437383596741,Mexican,25
Boystown,41.943883299999996,-87.64926690000001,My Fit Foods,51b36da3498e11589818d1cd,41.949201057715065,-87.64957073921533,Gluten-free,7
Boystown,41.943883299999996,-87.64926690000001,Diva Thai & Sushi Bar,4cbe16fb19ceb1f7017f1bcd,41.94677309786129,-87.6495628959867,Sushi,48
Boystown,41.943883299999996,-87.64926690000001,Chicken Hut,4a03954af964a520cd711fe3,41.94002098066492,-87.64444649572451,American,24
Boystown,41.943883299999996,-87.64926690000001,Dunkin',532488dc498e89b38c11821c,41.94708267712055,-87.65381170885456,Donuts,15
Boystown,41.943883299999996,-87.64926690000001,Pizza Hut,504a526ce4b0c4f4a35e2799,41.936819091589896,-87.6475948921871,Pizza,8
Boystown,41.943883299999996,-87.64926690000001,Subway,4b66118bf964a520da112be3,41.937188384716784,-87.64801341359367,Sandwiches,9
Boystown,41.943883299999996,-87.64926690000001,On The Bun,526acbce11d2b20e4a552112,41.947727,-87.647284,Burgers,6
Boystown,41.943883299999996,-87.64926690000001,Little Wok,57acff8d498eb07bbad449af,41.939051197513656,-87.64443693098396,Sushi,11
Boystown,41.943883299999996,-87.64926690000001,Big Jim's,58e051fe44587f5a08ff2699,41.945682,-87.649159,Restaurant,6
Boystown,41.943883299999996,-87.64926690000001,Bacci Pizzeria,4a139eddf964a520f3771fe3,41.94731884735445,-87.65391851681923,Pizza,19
Boystown,41.943883299999996,-87.64926690000001,Tasty Asian Restaurant,561b21a5498ee34e516af255,41.945606,-87.646473,Chinese,5
Boystown,41.943883299999996,-87.64926690000001,Uni Grill,53ab709b498eebdfcb480e15,41.945634999999996,-87.646159,Korean,0
Boystown,41.943883299999996,-87.64926690000001,Taco & Burrito House,4b4f8032f964a520120927e3,41.93775719646077,-87.64436831165199,Mexican,19
Boystown,41.943883299999996,-87.64926690000001,Cafe Michael,4e7e6e6bbe7b49b7b93c8592,41.94771879765034,-87.64316207875824,Café,0
Roscoe Village,41.94328,-87.679406,Hot Woks Cool Sushi,4c62ee7eedd320a1b620ae29,41.94327801356496,-87.67976991170346,Sushi,29
Roscoe Village,41.94328,-87.679406,Turquoise Restaurant & Cafe,4b57d441f964a520044328e3,41.94309878004518,-87.68269798114439,Mediterranean,106
Roscoe Village,41.94328,-87.679406,Cuba 312,558c9d4b498e31b677d60084,41.94348,-87.68063000000001,Cuban,15
Roscoe Village,41.94328,-87.679406,Kitsch'n on Roscoe,4b23d298f964a520765a24e3,41.94316886944609,-87.67866963138495,Breakfast,77
Roscoe Village,41.94328,-87.679406,Costello Sandwiches & Sides,4b3fd428f964a520e2af25e3,41.943142727912004,-87.67916327720732,Sandwiches,36
Roscoe Village,41.94328,-87.679406,Piazza Bella Trattoria & Osteria,4b51ff82f964a520396027e3,41.943222134559896,-87.68155661504429,Italian,17
Roscoe Village,41.94328,-87.679406,Commonwealth Tavern,52d737b211d27fc53aee6e0c,41.94335177867326,-87.6785045516806,American,65
Roscoe Village,41.94328,-87.679406,Tony's Burrito Mex,4adc8bf4f964a520172d21e3,41.93952180656446,-87.67831441867297,Mexican,63
Roscoe Village,41.94328,-87.679406,Frasca Pizzeria & Wine Bar,40ef3180f964a520480a1fe3,41.94336246844585,-87.67130156943422,Pizza,156
Roscoe Village,41.94328,-87.679406,Le Sud,5ba827753e6741002c31df06,41.943004560559174,-87.6857745290624,French,13
Roscoe Village,41.94328,-87.679406,Cafe Orchid,4a0627d0f964a520c4721fe3,41.947078890873925,-87.67326646205645,Middle Eastern,59
Roscoe Village,41.94328,-87.679406,Orange on Roscoe at Damen,4b097e4af964a520351823e3,41.94320613343793,-87.67893976362663,Breakfast,57
Roscoe Village,41.94328,-87.679406,Altiro Latin Fusion,556275d4498ecfe4c366ffb3,41.943178049042274,-87.6816494455356,Mexican,9
Roscoe Village,41.94328,-87.679406,The Burrito House,4ab2c339f964a5203b6c20e3,41.94648253298315,-87.67328254148957,Burritos,82
Roscoe Village,41.94328,-87.679406,Dinkel's Bakery,4a08a8b7f964a52005741fe3,41.94233472521365,-87.67053082884287,Bakery,133
Roscoe Village,41.94328,-87.679406,Give Me Some Sugar,4eb61f286d86ba38adf291ca,41.93949853221092,-87.68335992101021,Bakery,6
Roscoe Village,41.94328,-87.679406,John's Place,4bc7b8f42f94d13ae08d127f,41.94322990893718,-87.6821113375634,American,43
Roscoe Village,41.94328,-87.679406,Bartoli's Pizzeria,51b8f3c3498e422bb9e8fefd,41.94681674948159,-87.67839877127079,Pizza,31
Roscoe Village,41.94328,-87.679406,Pizzeria Serio,4bcb32d4cc8cd13af7d4becf,41.9397414192825,-87.6714992937752,Pizza,66
Roscoe Village,41.94328,-87.679406,90 Miles Cuban Cafe,4a80187ef964a5209ff41fe3,41.93799466282279,-87.68587937770242,Cuban,124
Roscoe Village,41.94328,-87.679406,Meatheads Burgers & Fries,5056b4a3fe70964460b02423,41.941540111596396,-87.68881723008789,Burgers,83
Roscoe Village,41.94328,-87.679406,Jimmy John's,4b4bce00f964a52051a826e3,41.943143432245535,-87.68157578659313,Sandwiches,6
Roscoe Village,41.94328,-87.679406,The Region,58d1710dd243326d52d5f53e,41.94317910007981,-87.68074379252145,Burgers,10
Roscoe Village,41.94328,-87.679406,ManJoVins,4b2d1cf0f964a52098ce24e3,41.940401095042226,-87.67843218884525,Fast Food,8
Roscoe Village,41.94328,-87.679406,Yindee,4c9aa3ed80958cfa28e744d4,41.94697000706547,-87.67496000446285,Sushi,17
Roscoe Village,41.94328,-87.679406,Mac n' cheese,4bce41b7937ca593384aae92,41.94222443297645,-87.67431823186772,Mac & Cheese,9
Roscoe Village,41.94328,-87.679406,Fernando's Restaurant,4b8ae617f964a520d68732e3,41.94468326372462,-87.67214530257174,Mexican,51
Roscoe Village,41.94328,-87.679406,Chipotle Mexican Grill,50ca204ce4b0c5183d03ee7a,41.941339678479366,-87.68876654419417,Mexican,54
Roscoe Village,41.94328,-87.679406,Brown Bag Seafood Co.,596180d45c6838397337ff5d,41.94336427224796,-87.67139037505197,Seafood,9
Roscoe Village,41.94328,-87.679406,Blue Sky Bakery & Cafe,4c195d7498f4a593be0000f6,41.94931875019261,-87.67543034646368,Bakery,13
Roscoe Village,41.94328,-87.679406,Pho's Spicier Thai Cuisine,5637b99d498e9faed1a81892,41.942463559128505,-87.67061446546063,Thai,24
Roscoe Village,41.94328,-87.679406,Dunkin',4b23ca86f964a520cd5924e3,41.946739199384744,-87.67317622607482,Donuts,36
Roscoe Village,41.94328,-87.679406,Dunkin',4bb20359f964a520e9b13ce3,41.94609210197053,-87.68774158311783,Donuts,16
Roscoe Village,41.94328,-87.679406,Big Boy Gyros,4b6c6f3df964a520dd392ce3,41.9461166,-87.68772489999998,Greek,14
Roscoe Village,41.94328,-87.679406,Pi-Hi Cafe,52c5a70f498e50b8c5eb434c,41.94604950650968,-87.68793005131229,Mediterranean,9
Roscoe Village,41.94328,-87.679406,Riverview Brick Oven Pizzeria,4fb00147c2ee519be3819714,41.9431963942985,-87.67838038942419,Pizza,5
Roscoe Village,41.94328,-87.679406,Cafe Ciat Bahn Mi & Pho,58fa90e99ec3990cbc6d367b,41.94343,-87.67879,Vietnamese,0
Roscoe Village,41.94328,-87.679406,Lucy's Cafe,5ba9d504005ac1002c62d736,41.94347,-87.68105,Breakfast,2
Roscoe Village,41.94328,-87.679406,Same Same,5e07f6a3268869000862e91d,41.943272,-87.679396,Thai,0
Roscoe Village,41.94328,-87.679406,August House Art Gallery,4bf716835efe2d7f9f606834,41.942956,-87.68148000000002,Bakery,1
Roscoe Village,41.94328,-87.679406,Rudy's Bakery,4b75a193f964a52062182ee3,41.943478000000006,-87.680014,Bakery,1
Roscoe Village,41.94328,-87.679406,Millers Tap and Liquor Store,4f328e3b19836c91c7e3496a,41.943355,-87.68361800000002,Food,5
Roscoe Village,41.94328,-87.679406,Kite String,5aa9b9eb53159351e09ec9d4,41.946836577754226,-87.67605630600036,Restaurant,5
Roscoe Village,41.94328,-87.679406,Claus's Tavern,4f325c8f19836c91c7d0409f,41.946793,-87.683221,Food,0
Roscoe Village,41.94328,-87.679406,Dip and Sip Donuts,5cf42c06a795bd002c47049a,41.943290999999995,-87.685549,Donuts,2
Roscoe Village,41.94328,-87.679406,Tiny Lounge,4f3266ad19836c91c7d42ca8,41.947099,-87.67461899999998,Food,0
Roscoe Village,41.94328,-87.679406,Stevo's Grill,506ce998e4b023501659de42,41.939644,-87.686717,Mediterranean,2
Roscoe Village,41.94328,-87.679406,Paul and Joes Lounge,4f32814f19836c91c7de5575,41.9408,-87.6878,Food,0
Roscoe Village,41.94328,-87.679406,Kwik Mart,4b98f003f964a5204d5735e3,41.939686,-87.68708199999998,Snacks,0
Roscoe Village,41.94328,-87.679406,Camalgino's Pizza,4e31f4fa63651e2a09ab1f5d,41.945873,-87.687793,Pizza,0
Roscoe Village,41.94328,-87.679406,New China 2,4f1cd27a4fc6083d3a594bb6,41.945873259954425,-87.68783893393963,Chinese,3
Roscoe Village,41.94328,-87.679406,Limo To Package tour,51e8700e498ebc5bcf8e3482,41.946681,-87.687511,Food Truck,0
Roscoe Village,41.94328,-87.679406,Botanical Cafe,5df530567fd29e000812e3ee,41.949698,-87.675898,Café,0
Roscoe Village,41.94328,-87.679406,Outstanding Mustache,4fca495ae4b074f1b051475d,41.95026375616297,-87.67863456819124,American,1
Roscoe Village,41.94328,-87.679406,Xippo,4f322d7c19836c91c7bdcd2c,41.950401,-87.678802,Food,5
Logan Square,41.928568299999995,-87.7067931,Lula Café,42d84e00f964a52028261fe3,41.927746625918466,-87.70705775217938,Café,754
Logan Square,41.928568299999995,-87.7067931,Longman & Eagle,4b469be2f964a5206e2526e3,41.93011731914049,-87.70722735226109,New American,979
Logan Square,41.928568299999995,-87.7067931,Same Day Cafe,554a2be6498ea44cd0b2c9ca,41.92989890177015,-87.7073595514349,Café,55
Logan Square,41.928568299999995,-87.7067931,OSB at L&E,514dd549e4b04b410d5176ce,41.93010298916194,-87.70704867011507,Gastropub,67
Logan Square,41.928568299999995,-87.7067931,Daisies,5932195afdb9a77bd8a3b372,41.927223093556684,-87.70418640280162,New American,42
Logan Square,41.928568299999995,-87.7067931,Cafe Con Leche,4b4bcb5df964a520efa726e3,41.930452098076884,-87.70963196033523,Latin American,150
Logan Square,41.928568299999995,-87.7067931,Reno,50b424c8e4b01bf3818e3b6b,41.929159674327934,-87.70749347846547,Italian,209
Logan Square,41.928568299999995,-87.7067931,El Cid #2,42accc80f964a52038251fe3,41.9297556281864,-87.7072332866658,Burritos,85
Logan Square,41.928568299999995,-87.7067931,Mini Mott,5b35793b625a66002c77e541,41.92815355332621,-87.70474555924099,Fast Food,27
Logan Square,41.928568299999995,-87.7067931,The Crab Pad,57882f06498ee50b039c3c69,41.92732623250961,-87.70455891512822,Seafood,14
Logan Square,41.928568299999995,-87.7067931,La Boulangerie,5a3553075d891b3a9175607d,41.92796654884594,-87.70579034315392,Bakery,8
Logan Square,41.928568299999995,-87.7067931,Gorilla Sushi  Bar,58fd3e72a879217adda3accc,41.930875978615134,-87.71026055520063,Sushi,10
Logan Square,41.928568299999995,-87.7067931,Fat Rice,508983c1e4b02705ade20e82,41.9320347402214,-87.70250027471731,Asian,308
Logan Square,41.928568299999995,-87.7067931,Superkhana International,5d2a84fc7cfbfe00235364df,41.931809,-87.704818,Indian,11
Logan Square,41.928568299999995,-87.7067931,Trike,5284437511d2bef3522fda13,41.927452438729,-87.70470343057026,Asian,37
Logan Square,41.928568299999995,-87.7067931,Paulie Gee's,5742635ccd103de6297a4122,41.925792484079096,-87.70203585614853,Pizza,86
Logan Square,41.928568299999995,-87.7067931,Choi's Chinese,4b6c9e88f964a5200c472ce3,41.929752663967136,-87.70832172889347,Chinese,9
Logan Square,41.928568299999995,-87.7067931,The Bakery at Fat Rice,577ea94a498e32d933001be1,41.93204881240802,-87.70217071251524,Bakery,35
Logan Square,41.928568299999995,-87.7067931,Chiya Chai,5761ee30498effc929442448,41.931535617055566,-87.71147555817222,Café,58
Logan Square,41.928568299999995,-87.7067931,Jam,5a451a8f8fb09e126f0e696d,41.933567772391314,-87.70735989604569,Breakfast,16
Logan Square,41.928568299999995,-87.7067931,Cellar Door Provisions,52e1bad3498ebc2581e0c4e0,41.93202764019788,-87.70368232290548,Café,77
Logan Square,41.928568299999995,-87.7067931,Jibarito's y Más,57013671498e2d9bb4d10174,41.92477042942193,-87.71214652717792,Latin American,29
Logan Square,41.928568299999995,-87.7067931,Ryuu Asian BBQ,57e584e7498e0eda481b3d60,41.93144614592872,-87.71136959699574,Japanese,16
Logan Square,41.928568299999995,-87.7067931,Saba Italian Bar And Kitchen,5ad3da3a62845c26a723d251,41.93049821688969,-87.70967942888096,Italian,10
Logan Square,41.928568299999995,-87.7067931,The Whale Chicago,5d092b25f8cbd4002c2ea2f0,41.925545,-87.70111999999997,Restaurant,16
Logan Square,41.928568299999995,-87.7067931,Dante's Pizzeria,52f29b0111d28e483e38d79c,41.93251155198366,-87.71289284716394,Pizza,47
Logan Square,41.928568299999995,-87.7067931,La Cocina,4b9b0233f964a52054eb35e3,41.93388666641774,-87.70751814158571,Mexican,36
Logan Square,41.928568299999995,-87.7067931,Mi Tocaya Antojería,58c97619d25ded5aafabd1bb,41.928851020430415,-87.69760699077196,Mexican,72
Logan Square,41.928568299999995,-87.7067931,Masa Azul,4e45a656e4cd9d94fb179650,41.93201070452664,-87.70015053670893,Latin American,65
Logan Square,41.928568299999995,-87.7067931,Buona Terra,4aa07e13f964a520d43f20e3,41.927788327735655,-87.69746991513881,Italian,49
Logan Square,41.928568299999995,-87.7067931,El Habanero,531a8b7f498e75a62172a105,41.92496,-87.71099,Mexican,31
Logan Square,41.928568299999995,-87.7067931,The Radler,51a692d9498edbd173c61549,41.924446583278645,-87.69962813396023,German,216
Logan Square,41.928568299999995,-87.7067931,Penumbra Wine Bar,5705a79a498e25947fe7ebdb,41.924338,-87.710892,Bistro,12
Logan Square,41.928568299999995,-87.7067931,Casa Yari Latin Fusion,52c0801b11d2d969a453550e,41.92487420838511,-87.71016814608066,Latin American,8
Logan Square,41.928568299999995,-87.7067931,Furious Spoon,57560ec7498e99dc410fd727,41.92491579778733,-87.70081090815631,Ramen,64
Logan Square,41.928568299999995,-87.7067931,Friendship Chinese Restaurant,4a32e001f964a520b09a1fe3,41.93259113106177,-87.71339239490709,Chinese,22
Logan Square,41.928568299999995,-87.7067931,Bánh Mì Baget,54ebfd80498eb712fe4487ce,41.930892205708645,-87.7103157565433,Vietnamese,17
Logan Square,41.928568299999995,-87.7067931,Landbirds,5bf1b1b70d173f002c5e2f04,41.927643,-87.697805,Wings,6
Logan Square,41.928568299999995,-87.7067931,Tropi Cuba,4b5208cbf964a520d96227e3,41.92250019999999,-87.70242420000002,Caribbean,23
Logan Square,41.928568299999995,-87.7067931,Philly's Best Express,4ad8b8d5f964a520031421e3,41.92558583630159,-87.70192042122895,Fast Food,8
Logan Square,41.928568299999995,-87.7067931,Zacatecas Restaurant,4b61c214f964a520e7202ae3,41.93206683616374,-87.70144064271021,Mexican,3
Logan Square,41.928568299999995,-87.7067931,Big Tony's,4b307a1df964a520c6f924e3,41.92473418620516,-87.71055185313276,Pizza,5
Logan Square,41.928568299999995,-87.7067931,Giordano's,4b3d2162f964a5209b8e25e3,41.933378194226385,-87.71377035300247,Pizza,26
Logan Square,41.928568299999995,-87.7067931,Father and Son Restaurant,4b3e7fc7f964a520059e25e3,41.9265414514797,-87.7030448419334,Italian,35
Logan Square,41.928568299999995,-87.7067931,Dena's Kitchen,54669fb6498e762c1d993dc6,41.924943,-87.711153,Thai,8
Logan Square,41.928568299999995,-87.7067931,Dunkin',4b46844ff964a520332326e3,41.931766006016055,-87.71345014309111,Donuts,9
Logan Square,41.928568299999995,-87.7067931,Puebla Restaurant,4b00cd08f964a5202d4122e3,41.929956,-87.70922000000002,Mexican,22
Logan Square,41.928568299999995,-87.7067931,candela latin cuisine & bar,52d88adb498eaa5fb771fcd7,41.925778426324655,-87.70207988609228,South American,4
Logan Square,41.928568299999995,-87.7067931,Subway,4bbfd91cabf49521ad76be93,41.93324968417265,-87.7139200496764,Sandwiches,3
Logan Square,41.928568299999995,-87.7067931,Taco Bell Cantina,5b6cf7449e0d54002c685874,41.925322796857145,-87.70159037389767,Fast Food,2
Logan Square,41.928568299999995,-87.7067931,Subway,4b5fd275f964a520eecd29e3,41.93202642333729,-87.70767030415888,Sandwiches,1
Logan Square,41.928568299999995,-87.7067931,Festa Pizzeria,4dd70d7ed4c05d5096e0b644,41.92461572086316,-87.71484717002893,Pizza,5
Logan Square,41.928568299999995,-87.7067931,De Noche Mexicana,56f0653b498e68939af948e6,41.929365648490524,-87.70787798184065,Latin American,3
Logan Square,41.928568299999995,-87.7067931,sunday dinner club,4c3e4ee1d13aef3b338d9339,41.93062084503217,-87.7050528056937,New American,1
Logan Square,41.928568299999995,-87.7067931,Trike Thai Noodles & Sushi,5527872b498eff52cf2955bc,41.92715408406831,-87.70404795340387,Restaurant,0
Logan Square,41.928568299999995,-87.7067931,Danzon,4dc1ecafb0fb490416a49f57,41.930410265922546,-87.70983874797821,Latin American,0
Logan Square,41.928568299999995,-87.7067931,Vegan Potluck Palace,4d4602f64e5d3704f282fd93,41.93060082212626,-87.70356677122433,Vegetarian / Vegan,0
Logan Square,41.928568299999995,-87.7067931,Guatelinda Bakery,4bbe041e4e069c7498729fe3,41.931805,-87.7071,Bakery,3
Logan Square,41.928568299999995,-87.7067931,State Fair,52535d8e11d2a8037e2c3402,41.9320148971539,-87.70718513629632,Fast Food,1
Logan Square,41.928568299999995,-87.7067931,The NOSH at LSFM,52769206498efd84d40c6c16,41.931201819428956,-87.71062520285237,Restaurant,3
Logan Square,41.928568299999995,-87.7067931,Pierre's Bakery,4b8035edf964a520bb5c30e3,41.931298,-87.710504,Bakery,1
Logan Square,41.928568299999995,-87.7067931,ryuu asian bbq,57e703af498e6a85a05f9315,41.931231,-87.7115,Asian,3
Logan Square,41.928568299999995,-87.7067931,Big Tony's Pizza,53e2b5e7498e2fc1a9658643,41.924743,-87.710296,Pizza,1
Logan Square,41.928568299999995,-87.7067931,Polanco Classic Latino Steakhouse,51c45ae62fc62fbffad475e8,41.92586,-87.70166,Steakhouse,2
Logan Square,41.928568299999995,-87.7067931,Papa Cenar,5d97f31689f8b000087f0c1e,41.92581,-87.701698,Spanish,5
Logan Square,41.928568299999995,-87.7067931,Big & Little’s Restaurant,5c0b15c2c21cb1002cb4d158,41.925108,-87.702407,American,5
Logan Square,41.928568299999995,-87.7067931,Lin's Garden,4b6cc56ef964a52044532ce3,41.9248061,-87.710966,Chinese,1
Logan Square,41.928568299999995,-87.7067931,Caribella,5aa540b54a1cc0781a8c4091,41.924521999999996,-87.71103199999999,Spanish,4
Logan Square,41.928568299999995,-87.7067931,Van Phat Chinese Restaurant,4ca53a74a6e08cfa5b8f6f94,41.93171128084977,-87.7122761454033,Chinese,0
Logan Square,41.928568299999995,-87.7067931,Restaurante Ecuador,4c69e4f12c29d13a3f8e0c41,41.931845,-87.70103,South American,3
Logan Square,41.928568299999995,-87.7067931,Blue Tamale Man,50a872e2e4b0702a829a5d45,41.92528123439449,-87.7009442387912,Food Truck,0
Logan Square,41.928568299999995,-87.7067931,Taqueria El Ranchito,4b3d1d61f964a520488e25e3,41.93258484196459,-87.71302390736288,Mexican,6
Logan Square,41.928568299999995,-87.7067931,Tamale Lady,50757a67498e939b2f205288,41.925332001224405,-87.70081912337015,Food Truck,2
Logan Square,41.928568299999995,-87.7067931,Sabor Latino,4ba7b563f964a520c1ab39e3,41.92474039193306,-87.71216293981968,Restaurant,2
Logan Square,41.928568299999995,-87.7067931,Best Sub #2,4bc1167174a9a5931a55d1f6,41.932161,-87.713401,American,2
Logan Square,41.928568299999995,-87.7067931,Dim Sum Dinner Club,5d423513a5ef4c0008fc5048,41.934493,-87.703446,Dim Sum,1
Logan Square,41.928568299999995,-87.7067931,Das,55aada59498e15ff297c36b6,41.92475,-87.699435,German,2
Logan Square,41.928568299999995,-87.7067931,Good Fortune,5d5b45eec1fbdb000bf4bd77,41.927535,-87.69783000000002,Restaurant,3
Logan Square,41.928568299999995,-87.7067931,Rosie's Sidekick,59302f58ccad6b42053c9bde,41.929052,-87.697671,Sandwiches,6
Logan Square,41.928568299999995,-87.7067931,Tropicuba Restaurant & Grocery,4c58a61db05c1b8d0ef2d3b1,41.922598,-87.702409,Cuban,3
Logan Square,41.928568299999995,-87.7067931,Cafe Marcela,4cae4abcef1b37048e822900,41.92435800000001,-87.714011,Latin American,4
Logan Square,41.928568299999995,-87.7067931,Paper Moon Bakery,521be83a498ef38bf6de19c8,41.92459182764883,-87.71463267207935,Bakery,4
Logan Square,41.928568299999995,-87.7067931,Namaste Chicago,5d8590e5b4965100086db864,41.927209999999995,-87.697365,Restaurant,1
Logan Square,41.928568299999995,-87.7067931,Inoko Sushi,5cd85b32cabcff002c9393b7,41.927273,-87.69731,Sushi,0
Wicker Park,41.9078018,-87.6781551,Dove's Luncheonette,541c39ff498ee385598bdfff,41.90952359487261,-87.67744655553935,Diner,387
Wicker Park,41.9078018,-87.6781551,Big Star,4adbf2bbf964a520242b21e3,41.909228926014734,-87.677279319611,Tacos,1553
Wicker Park,41.9078018,-87.6781551,Stan's Donuts & Coffee,52f2eebd498ea23d1a8d16d5,41.909927041354635,-87.67746210427194,Donuts,568
Wicker Park,41.9078018,-87.6781551,Bonci Pizzeria,5ada9afe41868621d2cce37b,41.91019381850293,-87.67740857090902,Pizza,36
Wicker Park,41.9078018,-87.6781551,Café Robey,5a03adb3b399f751314fa8c8,41.91056703001089,-87.67799172659353,French,25
Wicker Park,41.9078018,-87.6781551,Piece Brewery and Pizzeria,40fc6080f964a5202d0b1fe3,41.91040346991058,-87.67614524802478,Pizza,1014
Wicker Park,41.9078018,-87.6781551,Taxim,4a345e4cf964a520249c1fe3,41.90982313806515,-87.67665815797089,Greek,88
Wicker Park,41.9078018,-87.6781551,Native Foods,4e383e35d4c0dc7ad2ee1415,41.90882309,-87.67524370000001,Vegetarian / Vegan,232
Wicker Park,41.9078018,-87.6781551,Bongo Room,42362580f964a52014201fe3,41.90860939825574,-87.67472668949543,Breakfast,284
Wicker Park,41.9078018,-87.6781551,Lou Malnati's Pizzeria,4b42698af964a52071d325e3,41.908847097408014,-87.67780685314466,Pizza,39
Wicker Park,41.9078018,-87.6781551,Sultan's Market,4b135c6cf964a5209f9623e3,41.910394139603156,-87.67990265797661,Falafel,198
Wicker Park,41.9078018,-87.6781551,Dimo's Pizza,51eee947498e5566f01655c0,41.91090937452428,-87.67739788376869,Pizza,169
Wicker Park,41.9078018,-87.6781551,En Hakkore 2.0,57156e73498e99982ec20d38,41.90853563076833,-87.67458589126561,Korean,35
Wicker Park,41.9078018,-87.6781551,Kanela Breakfast Club,542ed9f7498ec001c602b569,41.90745405656163,-87.67309294419334,Breakfast,118
Wicker Park,41.9078018,-87.6781551,Kizuki,56cf5bebcd109b4365fe9c1c,41.908748200000005,-87.6751833,Ramen,88
Wicker Park,41.9078018,-87.6781551,urban belly,56fd6a50498ee91be33d0675,41.909446760563895,-87.67745857026969,Korean,43
Wicker Park,41.9078018,-87.6781551,Enso Sushi & Bar,505bbe99e4b05434c010cc99,41.910885295787416,-87.67747273811912,Sushi,82
Wicker Park,41.9078018,-87.6781551,Las Palmas,46b0836bf964a5208c491fe3,41.91021766402192,-87.6738663663298,Mexican,97
Wicker Park,41.9078018,-87.6781551,Paradise Park,5b78d5df0802d4002c8bb6ea,41.91041100782344,-87.67566886943169,Pizza,45
Wicker Park,41.9078018,-87.6781551,Cafe Cancale,5cdc8159c97f28002c65bf8f,41.910133,-87.67726800000001,French,11
Wicker Park,41.9078018,-87.6781551,etta,5b4804edc0af57002c6bf071,41.91058992227352,-87.67438869653337,New American,55
Wicker Park,41.9078018,-87.6781551,Fifolet,5823df67885ed221b79dae18,41.90327570069656,-87.67667144460957,Cajun / Creole,27
Wicker Park,41.9078018,-87.6781551,Cumin,4be829676af1ef3b1b9f1b96,41.90756813971087,-87.67326484960724,Indian,153
Wicker Park,41.9078018,-87.6781551,Ina Mae Tavern & Packaged Goods,5b2e90100d8a0f002cd5638d,41.907608897418406,-87.67230591681717,Cajun / Creole,30
Wicker Park,41.9078018,-87.6781551,Takito Kitchen,50c7b171fe70b68cb8846512,41.90311763012076,-87.67775588388389,Tacos,128
Wicker Park,41.9078018,-87.6781551,Amaru,5d268de2681ae90023aeb5fd,41.910715,-87.675373,Latin American,4
Wicker Park,41.9078018,-87.6781551,5411 Empanadas,53d3d218498e5bc579c90862,41.91048852753893,-87.67925776801924,Argentinian,36
Wicker Park,41.9078018,-87.6781551,Lillie's Q,4c4e3cfa92b6a593686f8f6f,41.910591955815924,-87.67498783281314,BBQ,258
Wicker Park,41.9078018,-87.6781551,Cafe Istanbul,5c17dc26fd9d73002c4695eb,41.90348,-87.67788900000001,Mediterranean,9
Wicker Park,41.9078018,-87.6781551,Via Carducci La Sorella,4b7ecf70f964a520310130e3,41.90326567777872,-87.67607554546822,Italian,51
Wicker Park,41.9078018,-87.6781551,Rumi Middle Eastern Grill,576f2158498e96ab80e82569,41.909399024753434,-87.6760054069558,Middle Eastern,12
Wicker Park,41.9078018,-87.6781551,Oiistar,50abf7e3e4b063c5d674e96d,41.907058877621324,-87.67223974884129,Ramen,182
Wicker Park,41.9078018,-87.6781551,Sushi Taku,58fb968ef62f2b14a7248b1f,41.90328961359724,-87.67509597958346,Sushi,42
Wicker Park,41.9078018,-87.6781551,Antique Taco,4f78ecede4b087957c152b02,41.9064564891985,-87.6714863577741,Tacos,496
Wicker Park,41.9078018,-87.6781551,Mirai Sushi,4a4d9f47f964a5200bae1fe3,41.90321467006739,-87.67820759043299,Sushi,43
Wicker Park,41.9078018,-87.6781551,Craft Pizza,538e457d498ec07320c372fe,41.904922,-87.677446,Pizza,44
Wicker Park,41.9078018,-87.6781551,Small Cheval,55ba84a4498ec687deaec945,41.912816131224986,-87.6814866958218,Burgers,361
Wicker Park,41.9078018,-87.6781551,Nando Milano Trattoria,4fac7e4ce4b08541e8f0a1f0,41.90316690014215,-87.68040322287224,Italian,41
Wicker Park,41.9078018,-87.6781551,Bake,4b3fa75ff964a5205bab25e3,41.91044014954842,-87.68427383636286,Bakery,24
Wicker Park,41.9078018,-87.6781551,Umami Burger,53a0ad1f498e06f4cd1133ae,41.90884111357168,-87.67535669725477,Burgers,163
Wicker Park,41.9078018,-87.6781551,Club Lucky,4b9ea8c3f964a52076f736e3,41.912457,-87.673714,Italian,171
Wicker Park,41.9078018,-87.6781551,Folklore Argentine Grill,4ac90764f964a52028be20e3,41.903201215854544,-87.67984092657362,Argentinian,127
Wicker Park,41.9078018,-87.6781551,Letizia's Natural Bakery,4aee412df964a52038d321e3,41.90314860187959,-87.68149764560133,Bakery,64
Wicker Park,41.9078018,-87.6781551,Handlebar,40f08300f964a5204b0a1fe3,41.91034041797946,-87.68535669406384,Vegetarian / Vegan,351
Wicker Park,41.9078018,-87.6781551,BroBagel,541da844498e2f982d2145df,41.91043963583956,-87.67627703627231,Bagels,56
Wicker Park,41.9078018,-87.6781551,Milk & Honey Café,40b68100f964a5207b001fe3,41.90329078198325,-87.67575090331945,Café,174
Wicker Park,41.9078018,-87.6781551,Smoke Daddy,40cb9900f964a52016011fe3,41.903306717124636,-87.67284189031578,BBQ,361
Wicker Park,41.9078018,-87.6781551,Clever Rabbit,591ceb055455b213eb34af31,41.90314334883863,-87.6778986542251,Restaurant,47
Wicker Park,41.9078018,-87.6781551,Big Star Pickup Window,4c1bb72d3855c9b6bc7acc71,41.90924008480651,-87.67734397793144,Tacos,26
Wicker Park,41.9078018,-87.6781551,Manee Thai,518c3d40498ee798a8515557,41.91058218407126,-87.67468982858543,Asian,10
Wicker Park,41.9078018,-87.6781551,Janik's Cafe,4ae336b9f964a520c19121e3,41.90310351247025,-87.67774963243055,Café,82
Wicker Park,41.9078018,-87.6781551,Blue Fin,4ae3a0bcf964a5206e9721e3,41.9106037404154,-87.67723948113165,Sushi,12
Wicker Park,41.9078018,-87.6781551,Falafel & Grill,4eed2b0db8f76a24a4e084fe,41.90581834939223,-87.67017616192497,Falafel,102
Wicker Park,41.9078018,-87.6781551,Taco Bell Cantina,55f8d746498ee7db15c708e5,41.908024179132106,-87.6737921700634,Fast Food,71
Wicker Park,41.9078018,-87.6781551,Parlor Pizza Bar,575b49f5498e2d45df7b1399,41.90337441540329,-87.67348015468613,Pizza,113
Wicker Park,41.9078018,-87.6781551,Runa Japanese Restaurant,524774e0498e10786e66ed6c,41.91023948256783,-87.68475642470152,Sushi,29
Wicker Park,41.9078018,-87.6781551,Yolk Test Kitchen,5ae1faeb491be7002cd6ba39,41.91374373843207,-87.68235749414066,Breakfast,20
Wicker Park,41.9078018,-87.6781551,Lucia's Gourmet Italian Cuisine,4b2e8c64f964a5203ce224e3,41.9104253525459,-87.67380797312639,Italian,24
Wicker Park,41.9078018,-87.6781551,BIG & little's,55ea13d9498e8959fd0fd56a,41.905592954517694,-87.66968181757477,New American,116
Wicker Park,41.9078018,-87.6781551,En Hakkore,50f4a2c2e4b0bd869dad4c2f,41.914984599900066,-87.6775365275866,Korean,137
Wicker Park,41.9078018,-87.6781551,The NOSH at Wicker Park,51e1880f498ed59ef42cffe3,41.906465999999995,-87.678476,Food Truck,5
Wicker Park,41.9078018,-87.6781551,Alliance Bakery,4a5a4fc1f964a52022ba1fe3,41.90331044145235,-87.6713872481902,Bakery,133
Wicker Park,41.9078018,-87.6781551,Enoteca Roma Ristorante,4223b080f964a520bd1f1fe3,41.90318664591061,-87.68163906651152,Italian,47
Wicker Park,41.9078018,-87.6781551,Naveen's Cuisine,4c783985dbaa76b0fa28144b,41.91032269004412,-87.68597624934492,Indian,5
Wicker Park,41.9078018,-87.6781551,Furious Spoon,54b95281498e991be3dab98e,41.910053012815155,-87.67694095536484,Ramen,158
Wicker Park,41.9078018,-87.6781551,Komorebi,588d3449e612f258acbdc801,41.90568747956758,-87.67022213740532,Sushi,12
Wicker Park,41.9078018,-87.6781551,Devil Dawgs,5772e688498ec27ca1be99f3,41.90790831317897,-87.67358668213932,Hot Dogs,23
Wicker Park,41.9078018,-87.6781551,Tropikava Kafe,5712fa6c498e435e82419ff9,41.902856807818,-87.67113319238511,Café,15
Wicker Park,41.9078018,-87.6781551,Chipotle Mexican Grill,4ac7caf7f964a520cbb920e3,41.91329797039207,-87.67733037205755,Mexican,61
Wicker Park,41.9078018,-87.6781551,Jimmy John's,4aa4582bf964a520864620e3,41.9031674992538,-87.67858290381996,Sandwiches,10
Wicker Park,41.9078018,-87.6781551,Armand's Pizzeria,4deab418ae60e9892360cf18,41.90317328274561,-87.68052524613233,Pizza,10
Wicker Park,41.9078018,-87.6781551,Silli Kori,55ad48f8498ed75383b1d69e,41.90308326151536,-87.67946262474295,Thai,17
Wicker Park,41.9078018,-87.6781551,Picante,4a45a07cf964a5206da81fe3,41.90319200497935,-87.67795622635008,Mexican,35
Wicker Park,41.9078018,-87.6781551,Potbelly Sandwich Shop,532c7f3f498e0d56ddcd332a,41.905452922371104,-87.66918903274404,Sandwiches,43
Wicker Park,41.9078018,-87.6781551,Heat,4df020351f6ea135c659b51a,41.910276431253536,-87.67738977321794,Hot Dogs,3
Wicker Park,41.9078018,-87.6781551,Cebu,5c8c2015c03635002c6a71af,41.91026,-87.682855,Filipino,11
Wicker Park,41.9078018,-87.6781551,Wixter Market,557371d7498ef4e26de82da4,41.903423,-87.680239,Seafood,8
Wicker Park,41.9078018,-87.6781551,Black Bull,4fcff52de4b04b22eb4d5ba3,41.903266237473005,-87.67079849162383,Tapas,74
Wicker Park,41.9078018,-87.6781551,Shawarma Garden,5290f47d498eb14abae0622b,41.90299,-87.67699,Mediterranean,19
Wicker Park,41.9078018,-87.6781551,Cheesies Pub & Grill,568838a6498e10962b59afba,41.906667806418255,-87.6715846292063,Sandwiches,20
Wicker Park,41.9078018,-87.6781551,Tortello,5d1181a94dcbca0023b5f15a,41.903436,-87.671859,Italian,9
Wicker Park,41.9078018,-87.6781551,The Angry Crab,57804fae498eb7aac7c28cba,41.90531138734467,-87.66995429992676,Seafood,40
Wicker Park,41.9078018,-87.6781551,Mondo Meatball,54fca562498ed2b261137238,41.908499856569144,-87.67446984769134,Italian,7
Wicker Park,41.9078018,-87.6781551,Brü Chicago,53267293498e635247e195af,41.90991758903441,-87.67682914941692,Café,44
Wicker Park,41.9078018,-87.6781551,Hash Chicago,51488375e4b0d3716f3193a0,41.906591899917004,-87.68703795682018,Breakfast,84
Wicker Park,41.9078018,-87.6781551,Wingstop,4b511e62f964a520604327e3,41.911244788107226,-87.67872624110608,Wings,20
Wicker Park,41.9078018,-87.6781551,Bonchon,5bbfc4c46bdee6002c2520ac,41.90333947069961,-87.67123106425197,Korean,7
Wicker Park,41.9078018,-87.6781551,Thai Lagoon,4aa9987ef964a520715420e3,41.910377268305346,-87.68575201490982,Thai,29
Wicker Park,41.9078018,-87.6781551,Pork & Mindy's,55f0927a498e570d3a222fe1,41.91101268934018,-87.67815492181809,BBQ,41
Wicker Park,41.9078018,-87.6781551,Potbelly Sandwich Shop,4aaee4e0f964a520af6320e3,41.911259,-87.67728699999999,Sandwiches,25
Wicker Park,41.9078018,-87.6781551,Tricycle,5b7222342be425002c948a82,41.9123160990886,-87.67764972847021,Restaurant,9
Wicker Park,41.9078018,-87.6781551,MAK (Modern Asian Kitchen),51a94f14498ea88f24962ab7,41.9032461424544,-87.67592953469452,Asian,28
Wicker Park,41.9078018,-87.6781551,Barley & Brass,546e981e498e7269b2467078,41.9031211347284,-87.67785141276119,New American,19
Wicker Park,41.9078018,-87.6781551,Artemio's Bakery,4a8b0daff964a5204c0b20e3,41.908158256378215,-87.67401579018956,Bakery,9
Wicker Park,41.9078018,-87.6781551,Uni Sushi,51cf84b0498e3b446094dfa7,41.91062274622436,-87.67222737876554,Sushi,15
Wicker Park,41.9078018,-87.6781551,Dunkin',54a68cab498e16f50fa07686,41.91067738245765,-87.67657997664554,Donuts,5
Wicker Park,41.9078018,-87.6781551,Yolk,59e38d979be5222513276838,41.90317183655356,-87.67317092361526,Breakfast,9
Wicker Park,41.9078018,-87.6781551,The Angry Pig Tavern,5acfe93101235804daae0996,41.910342299999996,-87.6790291,American,8
Wicker Park,41.9078018,-87.6781551,Subway,52df04ff498eb9e868493dea,41.90333080846565,-87.67746944776958,Sandwiches,2
Wicker Park,41.9078018,-87.6781551,Bourbon on Division,59486da8603d2a57a823b2ba,41.90323006473909,-87.67924489819809,Southern / Soul,12
Wicker Park,41.9078018,-87.6781551,Dunkin',50ec38e0e4b0fccc7ed3b1c1,41.9029491,-87.6802283,Donuts,10
Wicker Park,41.9078018,-87.6781551,Bon Bon Sandwiches,4aec7d71f964a520ccc721e3,41.9103070246976,-87.6860263817184,Vietnamese,39
Wicker Park,41.9078018,-87.6781551,Machine: Engineered Dining & Drink,5c87e6933abcaf002d3b31b7,41.903459999999995,-87.67411,New American,14
Wicker Park,41.9078018,-87.6781551,Sushi Para M,4be0f3197f060f47845b40bf,41.91119488846513,-87.6785608693354,Sushi,54
Wicker Park,41.9078018,-87.6781551,Taqueria Super Burrito,4a6e0d2af964a520c9d31fe3,41.9086914828317,-87.68720054477589,Mexican,12
Wicker Park,41.9078018,-87.6781551,Taus Authentic,54b6cdb5498e811039c3d861,41.9033058922874,-87.67408597864392,Restaurant,18
Wicker Park,41.9078018,-87.6781551,Pita Cafe,55395025498e9eecfd024e0b,41.903234720001976,-87.67763795876573,Mediterranean,4
Wicker Park,41.9078018,-87.6781551,Knead Pizza Company,5a8a3d684420d87ec8076ef8,41.91027,-87.680402,Pizza,3
Wicker Park,41.9078018,-87.6781551,Craft Pizza,538a1cad498e0c921f9f7b27,41.904833,-87.677498,Pizza,1
Wicker Park,41.9078018,-87.6781551,Jay's Beef,4bce6044c564ef3b8247eef0,41.91034566730153,-87.68448601964597,Fast Food,10
Wicker Park,41.9078018,-87.6781551,Barcello's Pizza & Pasta,4e4e2839bd4101d0d7a38fd0,41.911513,-87.67876,Pizza,1
Wicker Park,41.9078018,-87.6781551,Eat First #2 Chinese Resturant,4bb38ece715eef3b078286bb,41.905253058868325,-87.66947500124323,Chinese,2
Wicker Park,41.9078018,-87.6781551,Kanela Breakfast Club,59456886002f4c4e856c2489,41.90309777867323,-87.68088039255673,Breakfast,7
Wicker Park,41.9078018,-87.6781551,Tuko Cantina,5c295159fdb9a7002c99683d,41.903507,-87.67640899999998,Tacos,3
Wicker Park,41.9078018,-87.6781551,Shata,5a6fa3eef193c029b127e298,41.903304,-87.677485,Mediterranean,1
Wicker Park,41.9078018,-87.6781551,Sea And Olive,5dc629e2b59ddd0008cbca38,41.903294,-87.676674,Mediterranean,0
Wicker Park,41.9078018,-87.6781551,Ta.•Ki•To,51425ad8e4b09273bfb5a069,41.90310653590388,-87.67785942941221,Mexican,1
Wicker Park,41.9078018,-87.6781551,red square cafe,53dd8618498ec60b0953508d,41.903523,-87.67551,Eastern European,1
Wicker Park,41.9078018,-87.6781551,Cevapcici,4fcbc027c2eee65933f1f21a,41.90313944881376,-87.67956733703613,Eastern European,2
Wicker Park,41.9078018,-87.6781551,Easybar,4f3244f719836c91c7c6fc39,41.903175,-87.67655,Food,0
Wicker Park,41.9078018,-87.6781551,Osteria Rusticana,5cd61e823092be002c034983,41.903221,-87.680482,Italian,0
Wicker Park,41.9078018,-87.6781551,Al's Beef,511e7e16e4b0938073c98c76,41.90524669241898,-87.66958248210425,Fast Food,25
Wicker Park,41.9078018,-87.6781551,Monet's Food Mart,4bc4d49a4cdfc9b6223a9921,41.903131398364366,-87.68150457757595,Deli / Bodega,1
Wicker Park,41.9078018,-87.6781551,Pannenkoeken Cafe,4aa3f960f964a520a24420e3,41.910178,-87.684611,Breakfast,0
Wicker Park,41.9078018,-87.6781551,Yuca Cafe,4d44606fbbb1a14304d14572,41.910347447445204,-87.68478474392711,Breakfast,1
Wicker Park,41.9078018,-87.6781551,The Den Haven,554abe7e498ef6cce706d28a,41.90598855003356,-87.67061267949741,Café,3
Wicker Park,41.9078018,-87.6781551,Piko Food Truck,55f70f71498ed8fe41011d34,41.913055052147655,-87.68217789168747,Food Truck,1
Wicker Park,41.9078018,-87.6781551,Yum Dum,53f11d01498e08d76a05b425,41.913087889321844,-87.68212493643722,Food Truck,1
Wicker Park,41.9078018,-87.6781551,B.Bim,56677e1a498e2680f03b300a,41.905646999999995,-87.670176,Korean,2
Wicker Park,41.9078018,-87.6781551,Anaba Handroll Bar,5a14d0958ad62e3619c46d89,41.903442999999996,-87.671696,Sushi,3
Wicker Park,41.9078018,-87.6781551,The Kids' Table,4bfed1ecca1920a177e5eb81,41.91033116854617,-87.68629915945259,Restaurant,3
Wicker Park,41.9078018,-87.6781551,Tous Les Jours,5cf1689d67a9fe002cdf7791,41.903083,-87.67106,Bakery,2
Wicker Park,41.9078018,-87.6781551,Tamale Guy - Julio,4b0ddd96f964a520a15123e3,41.90131826560784,-87.67422910075717,Food Truck,0
Wicker Park,41.9078018,-87.6781551,Makisu,4c73f0bed8948cfab58963da,41.902982,-87.67093100000001,Sushi,2
Lincoln Park,41.925913,-87.64880600000001,Galit,5ca3cb72fb8e59002c433aa9,41.92609226537621,-87.64952003144636,Israeli,24
Lincoln Park,41.925913,-87.64880600000001,The Little Meatball,5bfb22263d4791002ca6a331,41.924877,-87.648298,Pizza,7
Lincoln Park,41.925913,-87.64880600000001,Noodles In the Pot,4a01c474f964a520f8701fe3,41.92695659464324,-87.6489074934302,Thai,65
Lincoln Park,41.925913,-87.64880600000001,Rickshaw Republic,5102023dfe70d7bb3764c6a5,41.924122646766186,-87.6468980710323,Indonesian,88
Lincoln Park,41.925913,-87.64880600000001,Dog Haus Biergarten,5a0cc108f5e9d710c6f56039,41.92685791139434,-87.65084634190626,Hot Dogs,12
Lincoln Park,41.925913,-87.64880600000001,Chicago's Dog House,4a3c0561f964a52004a11fe3,41.92549517560565,-87.6495424534124,Hot Dogs,59
Lincoln Park,41.925913,-87.64880600000001,Chengdu Impression 成都印象,5269bf61498e74e2ce834732,41.928602041754345,-87.64876562125906,Szechuan,50
Lincoln Park,41.925913,-87.64880600000001,Allende Restaurante,4ae3eb9cf964a5209b9921e3,41.925709334215405,-87.64923132681616,Tacos,67
Lincoln Park,41.925913,-87.64880600000001,Millie's Supper Club,56ff3097498eb38d1abe2a5e,41.92627905096671,-87.65000890122936,American,20
Lincoln Park,41.925913,-87.64880600000001,Philly Bros,599c699a0d173f04a2689050,41.925647999999995,-87.64775,Fast Food,7
Lincoln Park,41.925913,-87.64880600000001,Toast,4a7c5899f964a5204fec1fe3,41.92185079785807,-87.64811492608665,Breakfast,141
Lincoln Park,41.925913,-87.64880600000001,Pita Pit,4a8eec7bf964a5202c1320e3,41.925669,-87.649297,Sandwiches,25
Lincoln Park,41.925913,-87.64880600000001,Kameya,52866b6811d265a186443753,41.921804074686314,-87.64891404424412,Japanese,29
Lincoln Park,41.925913,-87.64880600000001,Parson’s Chicken & Fish,5c15ba73121384002c4ac064,41.92650588535568,-87.64859433563566,Fried Chicken,23
Lincoln Park,41.925913,-87.64880600000001,Homeslice,50fc446ce4b06b7fe702536e,41.921866746891496,-87.65245275644041,Pizza,403
Lincoln Park,41.925913,-87.64880600000001,Potbelly Sandwich Shop,4b1c4d03f964a520bb0524e3,41.923125822501966,-87.64591400837685,Sandwiches,25
Lincoln Park,41.925913,-87.64880600000001,Athenian Room,4a88a569f964a520450720e3,41.92176113292182,-87.64909830581507,Greek,133
Lincoln Park,41.925913,-87.64880600000001,Tandoor Char House,4f3e856f6b742d59d6de5f88,41.93063933141973,-87.64894439066308,North Indian,71
Lincoln Park,41.925913,-87.64880600000001,Lou Malnati's Pizzeria,4ab682a4f964a520827720e3,41.92898687219289,-87.65353235985425,Pizza,172
Lincoln Park,41.925913,-87.64880600000001,Tacos & Burrito Express,4a68175df964a52057ca1fe3,41.92845225180346,-87.64895247728045,Burritos,24
Lincoln Park,41.925913,-87.64880600000001,Toro Sushi,4a2b0f33f964a52093961fe3,41.92896030483878,-87.64249966770257,Sushi,108
Lincoln Park,41.925913,-87.64880600000001,Del Seoul,4c536547728920a148f7fe80,41.92949482907576,-87.64288253844795,Korean,448
Lincoln Park,41.925913,-87.64880600000001,Firecakes,569b9192498e38b72f7e9f51,41.92687263353452,-87.64122245586235,Donuts,70
Lincoln Park,41.925913,-87.64880600000001,Sapori Trattoria,4a74ca32f964a5209bdf1fe3,41.931555673532095,-87.6488073018168,Italian,159
Lincoln Park,41.925913,-87.64880600000001,Lito's Empanadas,4a090f4ff964a52033741fe3,41.92945276506765,-87.6428311702537,Snacks,34
Lincoln Park,41.925913,-87.64880600000001,Juno Sushi Chicago,51081f2ae4b06a85b1ad8a71,41.929835137147435,-87.6549837067151,Sushi,57
Lincoln Park,41.925913,-87.64880600000001,7 Plates Café,5b7370c0f4b525002ca05602,41.922379,-87.644506,Café,5
Lincoln Park,41.925913,-87.64880600000001,The Pasta Bowl,431e2d80f964a52082271fe3,41.92645826823657,-87.64116666886112,Italian,87
Lincoln Park,41.925913,-87.64880600000001,Las Fuentes,4baaa918f964a520a57d3ae3,41.92895830000001,-87.64914619999998,Mexican,27
Lincoln Park,41.925913,-87.64880600000001,Nookies Too Restaurant,4b59fe5ef964a5205ba628e3,41.92044208413386,-87.64865306938789,Breakfast,73
Lincoln Park,41.925913,-87.64880600000001,Devil Dawgs,4b1560b1f964a520e6ab23e3,41.921398993865964,-87.65345838357754,Hot Dogs,63
Lincoln Park,41.925913,-87.64880600000001,Chez Moi,4f9c9968e4b0e9595b3cfaff,41.920101963374854,-87.6486748096262,French,62
Lincoln Park,41.925913,-87.64880600000001,Aloha Eats,4a090fdaf964a52034741fe3,41.92878201059458,-87.64240698649643,Hawaiian,82
Lincoln Park,41.925913,-87.64880600000001,Prost,4bd5d2835631c9b6c6c5a430,41.92849422362932,-87.65322337653049,German,137
Lincoln Park,41.925913,-87.64880600000001,Café Ba-Ba-Reeba!,41eda300f964a520f71e1fe3,41.91892116715098,-87.64871793665422,Tapas,765
Lincoln Park,41.925913,-87.64880600000001,Frances' Deli,4b44d6cbf964a520bffd25e3,41.92918733400178,-87.64260914008214,Deli / Bodega,79
Lincoln Park,41.925913,-87.64880600000001,The Mayan Palace Mexican Cuisine,4a00e18bf964a520bd701fe3,41.93173,-87.6486,Mexican,40
Lincoln Park,41.925913,-87.64880600000001,Sultan's Market,4aa2e2ddf964a520714220e3,41.92838584743637,-87.64213434946039,Falafel,79
Lincoln Park,41.925913,-87.64880600000001,Half Shell,4a822c5df964a520ccf81fe3,41.932835184287356,-87.64654280172348,Seafood,95
Lincoln Park,41.925913,-87.64880600000001,Nando's,558708ac498ebcd400e0e291,41.932837809051634,-87.64634315669313,Portuguese,87
Lincoln Park,41.925913,-87.64880600000001,Tarascas International,4adcf41bf964a520d96221e3,41.930014716359246,-87.64323512364138,Mexican,66
Lincoln Park,41.925913,-87.64880600000001,Cafe Vienna,4a955e1ff964a520fe2220e3,41.92844871326229,-87.64217315080604,Café,68
Lincoln Park,41.925913,-87.64880600000001,The Wiener's Circle,4b21e5c7f964a520434224e3,41.93024629610159,-87.6436085001958,Hot Dogs,221
Lincoln Park,41.925913,-87.64880600000001,Mild 2 Spicy,599e375eb23dfa4685d21c88,41.933013,-87.647237,Indian,17
Lincoln Park,41.925913,-87.64880600000001,Sakura Teppanyaki & Sushi,4de98e76d164ef597cd45528,41.932898766515095,-87.6478392775491,Japanese,74
Uptown,41.9666299,-87.6555458,Nhú Lan Bakery & Sandwiches,53dea379498e52f8fb7dbaab,41.969591,-87.65531999999997,Vietnamese,13
Uptown,41.9666299,-87.6555458,Agami Contemporary Sushi,4a46d143f964a52086a91fe3,41.96751931678962,-87.65883111479452,Sushi,55
Uptown,41.9666299,-87.6555458,Uptown Pizza & BBQ,4abab7fef964a520998220e3,41.966334379036816,-87.65684260551937,Fast Food,10
Uptown,41.9666299,-87.6555458,Tesfa Ethiopian Cuisine,57297067498ed577b5c99532,41.96530590688283,-87.65571713447571,Ethiopian,7
Uptown,41.9666299,-87.6555458,Dib Sushi Bar & Thai Cuisine,4aee47bcf964a52057d321e3,41.969041856646705,-87.65597331986933,Sushi,39
Uptown,41.9666299,-87.6555458,Demera Ethiopian Restaurant,4a589eddf964a52098b71fe3,41.96908923944177,-87.65955587435013,Ethiopian,163
Uptown,41.9666299,-87.6555458,Siam Cafe,4e1a1fffc65b6bfb591f3331,41.967649569922656,-87.65489552014502,Thai,6
Uptown,41.9666299,-87.6555458,Golden House Restaurant & Pancake House,4bc22170b492d13ac204a760,41.9687930097569,-87.6595385987052,Diner,70
Uptown,41.9666299,-87.6555458,Uptown Shop & Save Market,4bf9f7c68d30d13a0d160318,41.96578244253062,-87.65373191480137,Deli / Bodega,10
Uptown,41.9666299,-87.6555458,La Ciudad Mexican Grill & Cafe,4b22dd85f964a5200e4f24e3,41.96424050820409,-87.65469609075603,Mexican,21
Uptown,41.9666299,-87.6555458,Papa Ray's Pizza & Wings,4ccca8af97d0224ba0ac61b8,41.96897010650198,-87.6548853901251,Pizza,15
Uptown,41.9666299,-87.6555458,The Reservoir,50493f26e4b0e1f2663f6cdf,41.961952000000004,-87.651966,American,115
Uptown,41.9666299,-87.6555458,Gigio's Pizzeria,4ab83ea3f964a520b47c20e3,41.96654512082253,-87.65809707497593,Pizza,25
Uptown,41.9666299,-87.6555458,Lao Sze Chuan - Uptown Broadway,505119c5e4b03cb4fcd58832,41.96991524219617,-87.65983546845497,Chinese,62
Uptown,41.9666299,-87.6555458,Pokiology,57abb67d498e09bfdaee6a38,41.965395480855996,-87.66140106986725,Poke Place,19
Uptown,41.9666299,-87.6555458,Hai Yen,4a81ee9ff964a52003f81fe3,41.9731313,-87.65724469999998,Vietnamese,63
Uptown,41.9666299,-87.6555458,Loving Heart Pure Vegan Cafe,52acd06f11d2b2a00514f54a,41.961812942643526,-87.65151276950851,Vegetarian / Vegan,10
Uptown,41.9666299,-87.6555458,Kal'ish Short Order Vegan,57fedfe238fa3128368aab43,41.96530976780324,-87.66299754275825,Vegetarian / Vegan,18
Uptown,41.9666299,-87.6555458,Citizen Skate Cafe,4d52dc484015b1f7f3327fcf,41.96549835227336,-87.65332804676487,Café,3
Uptown,41.9666299,-87.6555458,Nha Hang Viet Nam,4ec561a60e617a27fa1db65e,41.973316619664566,-87.65628197691312,Vietnamese,40
Uptown,41.9666299,-87.6555458,KFC,50f71e26e4b0771e59e523db,41.9694215,-87.65537409999999,Fried Chicken,12
Uptown,41.9666299,-87.6555458,Pho Viet,4af9d5b9f964a5209c1422e3,41.972800991639694,-87.65953785260011,Vietnamese,37
Uptown,41.9666299,-87.6555458,Chiu Quon Bakery,4aa3e899f964a5204a4420e3,41.97325626109664,-87.65890555712832,Bakery,40
Uptown,41.9666299,-87.6555458,Wabi Sabi Rotary,5825ec637448d25ada09fb3e,41.96432211749524,-87.65455289569056,Sushi,17
Uptown,41.9666299,-87.6555458,Carmela's Taqueria,47100063f964a520924b1fe3,41.969063885537146,-87.6601127541346,Mexican,27
Uptown,41.9666299,-87.6555458,Uptown Pho,53b43bf7498e3a1b1777c83f,41.97335940761858,-87.65556661902784,Vietnamese,18
Uptown,41.9666299,-87.6555458,Immm Rice & Beyond,567ab918498e1841c0daa2a3,41.97311931132765,-87.65965955806244,Thai,29
Uptown,41.9666299,-87.6555458,Kie-Gol-Lanee,5832529f9900e64a56be3eca,41.97359455060917,-87.6549701507825,Mexican,7
Uptown,41.9666299,-87.6555458,Palla's Grill,51282856e4b0623bdfa1c186,41.96533938547402,-87.65754307065164,Diner,11
Uptown,41.9666299,-87.6555458,Wingstop,5bf86312029a55002c642437,41.964951,-87.656803,Wings,0
Uptown,41.9666299,-87.6555458,Subway,4b5b3875f964a52031ec28e3,41.96519542140804,-87.66154996607827,Sandwiches,8
Uptown,41.9666299,-87.6555458,Mr. Salsa,4a74a88ef964a52014df1fe3,41.961799526092385,-87.65589639646718,Mexican,11
Uptown,41.9666299,-87.6555458,Furama,4a5a72f9f964a52057ba1fe3,41.97246603548156,-87.65996622483769,Chinese,84
Uptown,41.9666299,-87.6555458,Thai Pastry,4b11a5d9f964a5205a8123e3,41.9723257082141,-87.65962044765148,Thai,21
Uptown,41.9666299,-87.6555458,Hon Kee Restaurant,4b3fbb6cf964a52078ad25e3,41.97334003540568,-87.65743401586295,Chinese,20
Uptown,41.9666299,-87.6555458,Dong Ky Restaurant,4bc385234cdfc9b669789721,41.970952228129924,-87.65932172299559,Asian,21
Uptown,41.9666299,-87.6555458,Jimmy John's,4b9c4272f964a520be5936e3,41.965354294629606,-87.65942482408043,Sandwiches,11
Uptown,41.9666299,-87.6555458,Sol's,58e832d814fb415f6a14d3a4,41.967816,-87.65474499999999,Korean,6
Uptown,41.9666299,-87.6555458,Miss Saigon,56eca48e498e745f7963ef83,41.97324999063048,-87.65895619211945,Vietnamese,10
Uptown,41.9666299,-87.6555458,Sonic Drive-In,536245c2498e81c9944af962,41.9657166944636,-87.6558793289677,Fast Food,102
Uptown,41.9666299,-87.6555458,Pho xe Lua,4aff226cf964a520b93422e3,41.973337330079744,-87.6559149659766,Noodles,7
Uptown,41.9666299,-87.6555458,Dunkin',4bf7ead5b182c9b60070765a,41.965023706740496,-87.65686432063005,Donuts,25
Uptown,41.9666299,-87.6555458,Hing Wang Restaurant,4e1cef051f6e47e5e7936742,41.965661,-87.658502,Chinese,6
Uptown,41.9666299,-87.6555458,Miso Asian Kitchen,4f75042fe4b0a6fdc5f1d70d,41.96310381531115,-87.65600452171628,Asian,10
Uptown,41.9666299,-87.6555458,Silver Seafood,4a9dbaf5f964a520233920e3,41.96992012497199,-87.6595045638877,Chinese,13
Uptown,41.9666299,-87.6555458,Cafe Hoang,4b7c5229f964a5202f8c2fe3,41.9733578162394,-87.65584576433082,Vietnamese,17
Uptown,41.9666299,-87.6555458,Le's Pho,4afdb942f964a520342a22e3,41.97237265659499,-87.65959606110806,Vietnamese,43
Uptown,41.9666299,-87.6555458,Longacre Pizza Squared,594482795f68b90855321308,41.965367,-87.662941,Pizza,11
Uptown,41.9666299,-87.6555458,Pho 888,4b2598a9f964a5204f7424e3,41.9730984,-87.6592802,Vietnamese,40
Uptown,41.9666299,-87.6555458,Pho 777,4a3985eef964a5208a9f1fe3,41.97330719260837,-87.65757874139021,Vietnamese,49
Uptown,41.9666299,-87.6555458,Rosati's Pizza,4a96c61df964a520e92620e3,41.97068660854306,-87.65928081283707,Pizza,6
Uptown,41.9666299,-87.6555458,Papa John's Pizza,4e4d51d6bd413c4cc6702641,41.96424576804248,-87.65925214046369,Pizza,0
Uptown,41.9666299,-87.6555458,La Patisserie P,4aa4034df964a520df4420e3,41.973316100000005,-87.65665229999998,Bakery,17
Uptown,41.9666299,-87.6555458,Fiesta Mexicana Restaurant,4bdb88e63904a59319064b9e,41.969221999999995,-87.659751,Mexican,43
Uptown,41.9666299,-87.6555458,Subway,4de51e0f52b1d38d29ad5920,41.962615424854285,-87.65587710261877,Sandwiches,7
Uptown,41.9666299,-87.6555458,Pizza Hut Express,4c7d9403d461a1437bac7df5,41.96286077932266,-87.65672564506536,Pizza,1
Uptown,41.9666299,-87.6555458,Thai Uptown,4bfc57b4da7120a14fec49fd,41.96593823769757,-87.65781197399956,Thai,7
Uptown,41.9666299,-87.6555458,Jake's,4b893919f964a520002432e3,41.9616722018701,-87.65464478529698,Diner,11
Uptown,41.9666299,-87.6555458,Double Happiness,4b5b6e49f964a52085fd28e3,41.973300090524525,-87.657408763748,Chinese,4
Uptown,41.9666299,-87.6555458,Pho Loan,53b6fc2c498eeed934addb88,41.97334883296155,-87.65844962497835,Vietnamese,8
Uptown,41.9666299,-87.6555458,Tolotzin,4fd23c63e4b03e7cee3871fb,41.96258807198621,-87.6556082572409,Mexican,4
Uptown,41.9666299,-87.6555458,Three Harmony Chinese Food,4c4f46e01d76c92816889591,41.96500800000001,-87.66147600000002,Chinese,7
Uptown,41.9666299,-87.6555458,Marigold Indian Restaurant,4ad12520f964a5200ddd20e3,41.96998000150319,-87.659989025651,Indian,0
Uptown,41.9666299,-87.6555458,Lake Langano,50319628e4b083621684c708,41.965357,-87.655816,Ethiopian,0
Uptown,41.9666299,-87.6555458,Selam Ethiopian Kitchen,58817207ec980f27ba18800d,41.96500670043845,-87.65690710265777,Ethiopian,4
Uptown,41.9666299,-87.6555458,Inspiration Cafe,4b4819daf964a520414826e3,41.96523236705936,-87.65765346891973,Diner,4
Uptown,41.9666299,-87.6555458,Miss Egg Roll,4c2e73463896e21e2e4ee290,41.963909,-87.654252,Chinese,1
Uptown,41.9666299,-87.6555458,China Cafe,4b9ecacbf964a5203f0237e3,41.969591,-87.65531999999997,Chinese,2
Uptown,41.9666299,-87.6555458,Uptown Ribfest,51d8cf01498e436675d087ba,41.968562229249834,-87.65946874495035,BBQ,4
Uptown,41.9666299,-87.6555458,Tolotzin Mexican Cuisine,5352bdd4498e26a65efaaab7,41.962646,-87.655367,Mexican,1
Uptown,41.9666299,-87.6555458,Chicken Eater's Paradise,4e4e15edbd4101d0d7a1d8e1,41.96153564619973,-87.65479662868117,Fried Chicken,0
Uptown,41.9666299,-87.6555458,Longacre,5b01766a42d8c2002c8c275e,41.965344,-87.662719,Bagels,0
Uptown,41.9666299,-87.6555458,Sam&Gertie’s Vegan Jewish Deli,5e1a0db0770046000887643e,41.965337,-87.66292800000001,Jewish,1
Uptown,41.9666299,-87.6555458,Legee,4bc500bd6c6f9c7436deb3fc,41.96227,-87.6505,Asian,0
Uptown,41.9666299,-87.6555458,The Godfather's Famous Pizza,4bafa1b9f964a520de113ce3,41.96530312932671,-87.66224452652847,Pizza,9
Uptown,41.9666299,-87.6555458,boba teahouse,52c0c29911d2e7528f9d2344,41.9732191596544,-87.65617427124619,Café,3
Uptown,41.9666299,-87.6555458,Nha Hang,4ee6c6d8722e088261e5005e,41.97329528966533,-87.65619835553629,Vietnamese,1
Uptown,41.9666299,-87.6555458,Pho Xua,4bc9f18868f976b0fc315e83,41.97356,-87.655798,Vietnamese,0
Near North Side,41.900032700000004,-87.6344975,Kiki's Bistro,4aa01fd8f964a5206a3e20e3,41.89894713032016,-87.63589538908545,French,32
Near North Side,41.900032700000004,-87.6344975,BIG & little's Restaurant,4aef2171f964a520ded521e3,41.89835632101686,-87.6370942396092,Fast Food,280
Near North Side,41.900032700000004,-87.6344975,Farmhouse Chicago,4df7f3f118a801cd9f119204,41.896726,-87.635361,American,317
Near North Side,41.900032700000004,-87.6344975,Happy Camper,56316c6a498ebdd0e0e529e4,41.90430605252536,-87.63437042897993,Pizza,195
Near North Side,41.900032700000004,-87.6344975,Yolk,4aad216af964a520a45e20e3,41.89630616931717,-87.63411866843872,Breakfast,316
Near North Side,41.900032700000004,-87.6344975,Blue Door Kitchen & Garden,5724cfa9498e3c814353b85b,41.903171,-87.63050799999999,Restaurant,52
Near North Side,41.900032700000004,-87.6344975,Chicago Q,4c69ae21c946e21e0fd3ea8e,41.90359923114186,-87.63027664220171,BBQ,364
Near North Side,41.900032700000004,-87.6344975,Maple & Ash,561af710498ef927dbf9b658,41.901930934901735,-87.62847587223587,Steakhouse,185
Near North Side,41.900032700000004,-87.6344975,Velvet Taco,54d6abbf498e189aaec1530b,41.902241,-87.628508,New American,389
Near North Side,41.900032700000004,-87.6344975,Somerset,59a6710e4a1cc05dc1ea30ce,41.90249684382313,-87.6285236953994,Restaurant,76
Near North Side,41.900032700000004,-87.6344975,Gibsons Bar & Steakhouse,4ac7e2f3f964a52056ba20e3,41.90152663391047,-87.627982756917,Steakhouse,668
Near North Side,41.900032700000004,-87.6344975,Lou Malnati's Pizzeria,4e026a67e4cdbd9a51745782,41.90259056146133,-87.62870284037905,Pizza,713
Near North Side,41.900032700000004,-87.6344975,Le Colonial,40b28c80f964a520e4fb1ee3,41.90021847164991,-87.6272806404633,Vietnamese,278
Near North Side,41.900032700000004,-87.6344975,Nico Osteria,529d1c92498e1b216c0769f5,41.90152987412378,-87.6278143402215,Italian,271
Near North Side,41.900032700000004,-87.6344975,Hugo's Frog Bar & Fish House,4a736375f964a52054dc1fe3,41.90128843548068,-87.62786048149529,Seafood,254
Near North Side,41.900032700000004,-87.6344975,Griddle 24,57fd8c2a498e5ca36a3c2e97,41.89659657648396,-87.63699159035197,Diner,29
Near North Side,41.900032700000004,-87.6344975,Seoul Taco,57472803498e3f8a161db252,41.895993081563894,-87.63136926853973,Korean,65
Near North Side,41.900032700000004,-87.6344975,25 Degrees,4e39e60ee4cdcd10683bb81e,41.89588671912808,-87.63142805196844,Burgers,251
Near North Side,41.900032700000004,-87.6344975,ZED451,4a737056f964a52070dc1fe3,41.896023,-87.630916,Steakhouse,265
Near North Side,41.900032700000004,-87.6344975,The Franklin Room,530e08b8498ecd73fe9b2b7e,41.89447834257207,-87.63570485145233,American,149
Near North Side,41.900032700000004,-87.6344975,The Original Pancake House,4af5d161f964a52040fd21e3,41.90159297032866,-87.627677258532,Breakfast,260
Near North Side,41.900032700000004,-87.6344975,LuxBar,4a176a52f964a52058791fe3,41.90156598835252,-87.62778557066136,American,242
Near North Side,41.900032700000004,-87.6344975,Nacional 27,4a5bcc8ef964a520d1bb1fe3,41.89473082853633,-87.63698205336996,Latin American,141
Near North Side,41.900032700000004,-87.6344975,Pizano's Pizza & Pasta,4aff74bff964a520c43822e3,41.89873307297202,-87.6282637291038,Pizza,156
Near North Side,41.900032700000004,-87.6344975,Morton's The Steakhouse,40b28c80f964a520b9fb1ee3,41.901553700726616,-87.62876763939856,Steakhouse,51
Near North Side,41.900032700000004,-87.6344975,Le Pain Quotidien | Gold Coast,53d14947498e7a04b46eba4d,41.8993346,-87.628118,Bakery,94
Near North Side,41.900032700000004,-87.6344975,Cafe Iberico,40db6b00f964a52078011fe3,41.89604360991433,-87.63260869276189,Tapas,354
Near North Side,41.900032700000004,-87.6344975,GT Prime,57cca720cd1043c5b8974427,41.895062085906375,-87.63409520099644,Steakhouse,51
Near North Side,41.900032700000004,-87.6344975,Goddess and Grocer,5550a897498e2dcf903c2f2e,41.90264208102993,-87.62859075075536,Café,34
Near North Side,41.900032700000004,-87.6344975,Margeaux Brasserie,59516ef0e2ead15bbf4969ec,41.8997019,-87.627504,French,22
Near North Side,41.900032700000004,-87.6344975,Good Measure,5b5fd51f1ffe97002c93f8e4,41.89668892699222,-87.63524769464006,Restaurant,11
Near North Side,41.900032700000004,-87.6344975,Mogadishu,4a89ece0f964a5205f0920e3,41.899856,-87.637034,African,6
Near North Side,41.900032700000004,-87.6344975,Walton Street Kitchen + Bar,5ba6563e33e118002c8eb30a,41.899826001601305,-87.62832882773485,American,12
Near North Side,41.900032700000004,-87.6344975,Wildfire,44198f48f964a52029311fe3,41.89403112646847,-87.63354264874356,Steakhouse,269
Near North Side,41.900032700000004,-87.6344975,Tavern on Rush,4176fc00f964a520b51d1fe3,41.90168390355885,-87.62799954926983,American,339
Near North Side,41.900032700000004,-87.6344975,Carmine's,4a444bd6f964a5206ea71fe3,41.90185266486104,-87.62823877711399,Italian,187
Near North Side,41.900032700000004,-87.6344975,Union Sushi + Barbeque Bar,4d7be33fa165d7ceef0ddb00,41.893995123988994,-87.63546813763406,Sushi,418
Near North Side,41.900032700000004,-87.6344975,3 Arts Club Cafe,56199b9f498e26fd033cbe10,41.9058,-87.63046999999999,Café,281
Near North Side,41.900032700000004,-87.6344975,Mixed Greens,4fd8cd68e4b02579a1b3a224,41.894041251627634,-87.6361929036306,Salad,65
Near North Side,41.900032700000004,-87.6344975,La Storia,56464e6e498e2f5d13e00e6a,41.90340100298542,-87.63008787012713,Italian,19
Near North Side,41.900032700000004,-87.6344975,Fogo de Chão,4a7a32baf964a520d3e81fe3,41.89412479999999,-87.6323245,Brazilian,429
Near North Side,41.900032700000004,-87.6344975,Petit Margeaux,59516e26a306191fdd632ccd,41.900037993819225,-87.6279903077512,Café,8
Near North Side,41.900032700000004,-87.6344975,Brett's Kitchen,4ab24182f964a520d76a20e3,41.895462,-87.63550500000001,Diner,42
Near North Side,41.900032700000004,-87.6344975,Eduardo's Enoteca,4b6a56f9f964a520aad22be3,41.90427323489678,-87.63009597469417,Italian,65
Near North Side,41.900032700000004,-87.6344975,Fabcakes,4f36c0c4e4b0d3ab50c2e7f9,41.89542288924178,-87.63411559454265,Bakery,57
Near North Side,41.900032700000004,-87.6344975,Lyfe Kitchen,572d3070cd109a9f4c1a4a4e,41.897603677220566,-87.62793648133227,American,42
Near North Side,41.900032700000004,-87.6344975,tzuco,5d7ffaeb65ba980008c34f85,41.895509000000004,-87.628405,Mexican,8
Near North Side,41.900032700000004,-87.6344975,Galleria Market,4a8ae1dcf964a520b70a20e3,41.89559138596205,-87.6372941693232,Deli / Bodega,26
Near North Side,41.900032700000004,-87.6344975,Chipotle Mexican Grill,4af30a7ef964a5200bea21e3,41.9037469498126,-87.62887866625307,Mexican,87
Near North Side,41.900032700000004,-87.6344975,Portillo's,49f3473cf964a5207f6a1fe3,41.893429499999996,-87.6314147,Hot Dogs,2194
Near North Side,41.900032700000004,-87.6344975,Chick-fil-A,4defaf8b1fc7e81f6da697da,41.8971122,-87.627059,Fast Food,399
Near North Side,41.900032700000004,-87.6344975,Small Cheval,5a5418fe6adbf560330ec38a,41.90705739689131,-87.63437019680937,Burgers,55
Near North Side,41.900032700000004,-87.6344975,Fig & Olive,53ad9499498ed1411b89d336,41.901031700000004,-87.6255335,Mediterranean,223
Near North Side,41.900032700000004,-87.6344975,Truluck's,5a10e6f0e2d4aa6ddd4f5de5,41.89843593121194,-87.62688318606739,Seafood,16
Near North Side,41.900032700000004,-87.6344975,3rd Coast Cafe & Wine Bar,4aea6e2ff964a5208cbb21e3,41.905581251898326,-87.63005038640455,Café,120
Near North Side,41.900032700000004,-87.6344975,Hendrickx Belgian Bread Crafter,4bfff2df92a6c928ab5b43e2,41.89995565848361,-87.6252808377943,Bakery,96
Near North Side,41.900032700000004,-87.6344975,Doc B's Fresh Kitchen,5234a3b211d2cc2de35ccdfa,41.899932152219456,-87.6248937699188,American,241
Near North Side,41.900032700000004,-87.6344975,Cooper’s Hawk Winery & Restaurant,5dcb3ecac05eac0008d3a995,41.900968,-87.62593000000001,American,2
Near North Side,41.900032700000004,-87.6344975,Bernie's Lunch & Supper,55d26663498e2ad73176f49e,41.89398795111496,-87.63715153052567,New American,92
Near North Side,41.900032700000004,-87.6344975,Jellyfish,5037f0bae4b02090b3b0905b,41.90122579888069,-87.62776896447195,Asian,65
Near North Side,41.900032700000004,-87.6344975,Ditka's,49f3c317f964a520d76a1fe3,41.898460197352,-87.62533145278776,Steakhouse,264
Near North Side,41.900032700000004,-87.6344975,Subway,4bd4fd884e32d13ad050c080,41.89624797674074,-87.63463939896633,Sandwiches,5
Near North Side,41.900032700000004,-87.6344975,Club Lago,4ae5c5c6f964a520eba121e3,41.89551711337187,-87.63707744372792,Italian,63
Near North Side,41.900032700000004,-87.6344975,Big Wig Tacos,58fec25bf96b2c4b50cf8580,41.896449055915205,-87.63282267997526,Tacos,16
Near North Side,41.900032700000004,-87.6344975,Pacific Standard Time,5ae52194c53093002c45fe57,41.893960837144924,-87.6326707857923,American,55
Near North Side,41.900032700000004,-87.6344975,Tabaq Restaurant,4beb5b54b3352d7fb67456d2,41.90470713761254,-87.6407750242544,Middle Eastern,16
Near North Side,41.900032700000004,-87.6344975,Al's #1 Italian Beef,4a47c881f964a52014aa1fe3,41.89311401105442,-87.6338738576098,Sandwiches,145
Near North Side,41.900032700000004,-87.6344975,Mozzarella Store,5d1be8e9d5d77a0023ae8627,41.8974,-87.62608,Restaurant,5
Near North Side,41.900032700000004,-87.6344975,Veggie Grill,5c80398fcabcff002c7c10a8,41.89352986376087,-87.63383388530201,Vegetarian / Vegan,2
Near North Side,41.900032700000004,-87.6344975,Friends Ramen/Friends Sushi,586ac56aca10703aaa97422c,41.8970806365871,-87.6281547957863,Ramen,29
Near North Side,41.900032700000004,-87.6344975,Tallboy Taco,54356f9f498e6b7f9806dcb7,41.89473338999779,-87.63697832900255,Tacos,37
Near North Side,41.900032700000004,-87.6344975,Left Coast Food & Juice,5967b3f595a72254ac1de07a,41.89548470468839,-87.63403775523071,Fast Food,20
Near North Side,41.900032700000004,-87.6344975,Epic Burger,4ef8b1b9d3e354f0be2ce001,41.897505566997815,-87.62679834304684,Burgers,80
Near North Side,41.900032700000004,-87.6344975,Mario's Table,4ad1278bf964a5201add20e3,41.90560285037881,-87.62995451729574,Italian,32
Near North Side,41.900032700000004,-87.6344975,Tempo Cafe,4a6f8cfff964a5207dd61fe3,41.89845565317476,-87.62813341345341,Diner,209
Near North Side,41.900032700000004,-87.6344975,Brunch,4e00d72922717718d39e9808,41.893807,-87.637276,Breakfast,156
Near North Side,41.900032700000004,-87.6344975,Chicago Chop House,3fd66200f964a52032ee1ee3,41.89349,-87.63045,Steakhouse,62
Near North Side,41.900032700000004,-87.6344975,Sarpino's Pizzeria,4bb7eff9b35776b0746ec801,41.90388305243883,-87.63392148564228,Pizza,3
Near North Side,41.900032700000004,-87.6344975,Bistronomic,4d4cc1d5b1fa236ab9f58629,41.89781855637371,-87.62693946029098,French,71
Near North Side,41.900032700000004,-87.6344975,Café des Architectes,4adb6923f964a520272721e3,41.898409475559724,-87.62692091245388,French,33
Near North Side,41.900032700000004,-87.6344975,Dunkin',4e1473be81dc308b5c664f9c,41.896389299999996,-87.636172,Donuts,26
Near North Side,41.900032700000004,-87.6344975,Steve's Place,4a18cf2bf964a520ea791fe3,41.896586432731716,-87.63545835264509,Diner,4
Near North Side,41.900032700000004,-87.6344975,Dunkin',5606c0c5498e5cc567d793db,41.896858933460706,-87.6286152098217,Donuts,15
Near North Side,41.900032700000004,-87.6344975,Wow Bao,5a1ee2b048b04e1162059471,41.90384772535247,-87.62884792553518,Asian,9
Near North Side,41.900032700000004,-87.6344975,Troquet River North,52ced71a11d2a3e7f5bf7226,41.894756980672064,-87.6313410038986,French,49
Near North Side,41.900032700000004,-87.6344975,Goddess and Grocer,512cea56e4b0a71452094506,41.89850786255543,-87.64278888702394,Deli / Bodega,56
Near North Side,41.900032700000004,-87.6344975,Flaco's Tacos,4d5d81a7590b224b2ec4ac6d,41.896751066148354,-87.62621774200858,Tacos,111
Near North Side,41.900032700000004,-87.6344975,Dunkin',4b42156ff964a52074cc25e3,41.9042249105485,-87.63121576166105,Donuts,20
Near North Side,41.900032700000004,-87.6344975,Hooters,4b119e23f964a520b08023e3,41.894073,-87.634253,American,154
Near North Side,41.900032700000004,-87.6344975,Mr. Beef,4ab28412f964a5206f6b20e3,41.894429451253146,-87.63708905267984,Italian,54
Near North Side,41.900032700000004,-87.6344975,Heritage Bikes & Coffee,5bd0b16f112c6c002cf8a9a4,41.89443473716634,-87.63270476422045,Café,3
Near North Side,41.900032700000004,-87.6344975,Benihana,4e4e2b4bbd4101d0d7a3d13b,41.902935,-87.628197,Japanese,3
Near North Side,41.900032700000004,-87.6344975,Gaylord Fine Indian Cuisine,4b118a91f964a520e27e23e3,41.89996270098835,-87.6250513373304,Indian,48
Near North Side,41.900032700000004,-87.6344975,Hashbrowns,52581c3a11d251283b2c2991,41.90384176691229,-87.6345222321824,Breakfast,48
Near North Side,41.900032700000004,-87.6344975,RL Bar And Grill,52067a6e11d21ee80909b0a2,41.898807546881706,-87.62595292626257,American,7
Near North Side,41.900032700000004,-87.6344975,Jimmy John's,5b3babeec66666002c56ffdb,41.89638360890779,-87.6410186290741,Sandwiches,2
Near North Side,41.900032700000004,-87.6344975,Carson's,4a62a679f964a52069c41fe3,41.89288168280151,-87.63411168641348,BBQ,61
Near North Side,41.900032700000004,-87.6344975,The Little Beet Table,57d9e8a9498ea371d0f39ac3,41.898037,-87.627913,Restaurant,27
Near North Side,41.900032700000004,-87.6344975,Quiznos,4b70552df964a52065132de3,41.90398812409993,-87.63414949178696,Sandwiches,4
Near North Side,41.900032700000004,-87.6344975,Bella Luna Cafe,4b6f3456f964a52017e42ce3,41.89565517057922,-87.6297153574283,Italian,12
Near North Side,41.900032700000004,-87.6344975,Pizano's,4fe258d4e4b02bc552248fc2,41.896614026018604,-87.62985914087538,Pizza,5
Near North Side,41.900032700000004,-87.6344975,Whisper's Cafe,53483d8d498e3216c709b9b0,41.90175063389261,-87.62822369955894,Café,5
Near North Side,41.900032700000004,-87.6344975,Einstein Bros Bagels,4e120fc862e1d997a6a52bbb,41.89738385368518,-87.62549132108688,Bagels,38
Near North Side,41.900032700000004,-87.6344975,Jimmy John's,4b898408f964a520f43d32e3,41.903937230838046,-87.63069904076157,Sandwiches,10
Near North Side,41.900032700000004,-87.6344975,Cafe Sushi,40f5c900f964a520a60a1fe3,41.90677861386583,-87.63459021488998,Sushi,24
Near North Side,41.900032700000004,-87.6344975,Wingstop,5085f0a280554aeb454821fe,41.90393539421323,-87.63041245308581,Wings,27
Near North Side,41.900032700000004,-87.6344975,Mei's Corner,4d87ab2d61676dcbfaa8b9e4,41.899081832688275,-87.62568613139506,Chinese,8
Near North Side,41.900032700000004,-87.6344975,Panera Bread,504dff27e4b095865903f70a,41.90395153010933,-87.63919208015218,Bakery,67
Near North Side,41.900032700000004,-87.6344975,Wow Bao,5c76d8e0112c6c0039c44ec1,41.896863,-87.62650500000001,Asian,1
Near North Side,41.900032700000004,-87.6344975,Blue Agave,4a860f00f964a5203e0020e3,41.901820721743775,-87.62860761336512,Mexican,90
Near North Side,41.900032700000004,-87.6344975,Jimmy John's,4a84bb1af964a52076fd1fe3,41.89675179764224,-87.62639941827051,Sandwiches,13
Near North Side,41.900032700000004,-87.6344975,China Doll,4bbaaf0053649c74ae5d49fb,41.90519946881294,-87.63446846470734,Chinese,8
Near North Side,41.900032700000004,-87.6344975,Mr. Gyros,4b9a2843f964a520d6a135e3,41.90407040074136,-87.63208296886961,Fast Food,18
Near North Side,41.900032700000004,-87.6344975,Subway,4d7d0ca2f260a093654345ba,41.90374500435125,-87.63146442740829,Sandwiches,1
Near North Side,41.900032700000004,-87.6344975,Papa John's Pizza,4f7fabf7e4b01cf821bf2c03,41.903954999999996,-87.63580999999999,Pizza,0
Near North Side,41.900032700000004,-87.6344975,Coconutz Chicago,566a20b4498e9a9cc855cf86,41.9037925,-87.6292564,Caribbean,7
Near North Side,41.900032700000004,-87.6344975,Popeyes Louisiana Kitchen,4bd231b4462cb71365dddb07,41.90372900141186,-87.63144715631132,Fried Chicken,10
Near North Side,41.900032700000004,-87.6344975,Subway,4a490f95f964a520ecaa1fe3,41.8947431843365,-87.63466960732131,Sandwiches,5
Near North Side,41.900032700000004,-87.6344975,Cocoro Japanese Restaurant,4b4cb5b8f964a52042bb26e3,41.894401467802304,-87.6341914587838,Japanese,35
Near North Side,41.900032700000004,-87.6344975,Jet's Pizza,54e8fdcb498ed8dd767f8187,41.89544,-87.6347,Pizza,7
Near North Side,41.900032700000004,-87.6344975,Taco Bell,5d642fb87c6c8a00076bc9bc,41.896770000000004,-87.62730400000001,Tacos,1
Near North Side,41.900032700000004,-87.6344975,Fornetto Mei,4b303358f964a520abf724e3,41.8990279385394,-87.62547908342337,Pizza,5
Near North Side,41.900032700000004,-87.6344975,Downtown Dogs,49f3562bf964a520896a1fe3,41.896879,-87.625775,Hot Dogs,48
Near North Side,41.900032700000004,-87.6344975,Domino's Pizza,4b59c45df964a520fa9628e3,41.90376348944938,-87.63317544759957,Pizza,8
Near North Side,41.900032700000004,-87.6344975,Eats On Sedgwick,5d7935a445110e0007c3ce2f,41.897889,-87.638467,Restaurant,0
Near North Side,41.900032700000004,-87.6344975,Prosecco,5b2d97978194fc002c7b3fca,41.895219,-87.634507,Italian,5
Near North Side,41.900032700000004,-87.6344975,The Big Shish,519a7102498ea86f7da9a6df,41.89867114549949,-87.64077217255802,Food Truck,3
Near North Side,41.900032700000004,-87.6344975,Avli,5dd485bc29a4fe0008f51adc,41.894964,-87.63431899999999,Greek,0
Near North Side,41.900032700000004,-87.6344975,Optima,5ae51c961acf11002c97c20b,41.905414209338716,-87.63472825394274,American,2
Near North Side,41.900032700000004,-87.6344975,DOC B's,5235fdcc11d2d732a5ff469a,41.89482275524297,-87.6321848242889,American,3
Near North Side,41.900032700000004,-87.6344975,Entente,5ca52c5abcbf7a0039fc743b,41.895001,-87.638745,Restaurant,4
Near North Side,41.900032700000004,-87.6344975,1244 Bar And Bistro,50c3cb99e4b0d0a3660838dd,41.905218,-87.630442,American,2
Near North Side,41.900032700000004,-87.6344975,Mina's Food Truck,53dc124b498e9abfcc263ea7,41.90109961513228,-87.62622284819078,Food Truck,3
Near North Side,41.900032700000004,-87.6344975,Texican,58af62359435a903b95d578f,41.898403,-87.642824,Tex-Mex,2
Near North Side,41.900032700000004,-87.6344975,Monty's Tap,5d145d2eb55cb80023dc8570,41.896894713984864,-87.64217734336853,Restaurant,1
Near North Side,41.900032700000004,-87.6344975,Wagyu Wagon,4e5933f21f6e804280c2753e,41.89794417343671,-87.64288743864202,Food Truck,1
Near North Side,41.900032700000004,-87.6344975,Soups In The Loop Truck,513a3028e4b06e0133f6b242,41.897955636956745,-87.6429741672783,Food Truck,1
Near North Side,41.900032700000004,-87.6344975,Barnelli's Pasta Bowl,53448bc0498e4a0cb755ce37,41.893736,-87.63152,Italian,1
Near North Side,41.900032700000004,-87.6344975,Beyond Borders Food Truck,4fd0eb48e4b0d89b246756ed,41.8975318815216,-87.64309944168419,Food Truck,2
Near North Side,41.900032700000004,-87.6344975,Farmer's Fridge,5554faa9498ed9dd70e9c141,41.89746642357429,-87.64321507929222,Salad,2
Near North Side,41.900032700000004,-87.6344975,Fooda - Echo,4d7e89479d3bd7ce4ee7aedf,41.89728594619017,-87.64318616991768,Food Court,0
